source_system,schema,relation,ordinal,column,data_type,nullable,has_default,generated,identity,semantic_disposition,sensitivity,scope_dimensions,is_time_bearing,time_classification,time_unit_or_precision,timezone_semantics
trading_system_postgresql,portal_command,operations,1,operation_id,uuid,false,true,false,false,NAME_AND_TYPE_INFERRED_E2_REQUIRED,NON_SECRET_METADATA,,false,NOT_TIME_BEARING,NOT_APPLICABLE,NOT_APPLICABLE
trading_system_postgresql,portal_command,operations,2,capability_id,text,false,false,false,false,NAME_AND_TYPE_INFERRED_E2_REQUIRED,NON_SECRET_METADATA,,false,NOT_TIME_BEARING,NOT_APPLICABLE,NOT_APPLICABLE
trading_system_postgresql,portal_command,operations,3,target_type,text,false,false,false,false,NAME_AND_TYPE_INFERRED_E2_REQUIRED,NON_SECRET_METADATA,,false,NOT_TIME_BEARING,NOT_APPLICABLE,NOT_APPLICABLE
trading_system_postgresql,portal_command,operations,4,target_id,text,false,false,false,false,NAME_AND_TYPE_INFERRED_E2_REQUIRED,NON_SECRET_METADATA,,false,NOT_TIME_BEARING,NOT_APPLICABLE,NOT_APPLICABLE
trading_system_postgresql,portal_command,operations,5,expected_version,text,true,false,false,false,NAME_AND_TYPE_INFERRED_E2_REQUIRED,NON_SECRET_METADATA,,false,NOT_TIME_BEARING,NOT_APPLICABLE,NOT_APPLICABLE
trading_system_postgresql,portal_command,operations,6,idempotency_scope,text,false,false,false,false,NAME_AND_TYPE_INFERRED_E2_REQUIRED,NON_SECRET_METADATA,,false,NOT_TIME_BEARING,NOT_APPLICABLE,NOT_APPLICABLE
trading_system_postgresql,portal_command,operations,7,idempotency_key,text,false,false,false,false,NAME_AND_TYPE_INFERRED_E2_REQUIRED,NON_SECRET_METADATA,,false,NOT_TIME_BEARING,NOT_APPLICABLE,NOT_APPLICABLE
trading_system_postgresql,portal_command,operations,8,request_hash,text,false,false,false,false,NAME_AND_TYPE_INFERRED_E2_REQUIRED,MAY_CONTAIN_SENSITIVE_STRUCTURED_DATA,,false,NOT_TIME_BEARING,NOT_APPLICABLE,NOT_APPLICABLE
trading_system_postgresql,portal_command,operations,9,payload_hash,text,false,false,false,false,NAME_AND_TYPE_INFERRED_E2_REQUIRED,MAY_CONTAIN_SENSITIVE_STRUCTURED_DATA,,false,NOT_TIME_BEARING,NOT_APPLICABLE,NOT_APPLICABLE
trading_system_postgresql,portal_command,operations,10,request_payload,jsonb,false,false,false,false,NAME_AND_TYPE_INFERRED_E2_REQUIRED,MAY_CONTAIN_SENSITIVE_STRUCTURED_DATA,,false,NOT_TIME_BEARING,NOT_APPLICABLE,NOT_APPLICABLE
trading_system_postgresql,portal_command,operations,11,trace_id,text,false,false,false,false,NAME_AND_TYPE_INFERRED_E2_REQUIRED,NON_SECRET_METADATA,,false,NOT_TIME_BEARING,NOT_APPLICABLE,NOT_APPLICABLE
trading_system_postgresql,portal_command,operations,12,actor,text,false,false,false,false,NAME_AND_TYPE_INFERRED_E2_REQUIRED,NON_SECRET_METADATA,,false,NOT_TIME_BEARING,NOT_APPLICABLE,NOT_APPLICABLE
trading_system_postgresql,portal_command,operations,13,status,text,false,true,false,false,NAME_AND_TYPE_INFERRED_E2_REQUIRED,NON_SECRET_METADATA,,false,NOT_TIME_BEARING,NOT_APPLICABLE,NOT_APPLICABLE
trading_system_postgresql,portal_command,operations,14,lease_owner,text,true,false,false,false,NAME_AND_TYPE_INFERRED_E2_REQUIRED,NON_SECRET_METADATA,,false,NOT_TIME_BEARING,NOT_APPLICABLE,NOT_APPLICABLE
trading_system_postgresql,portal_command,operations,15,lease_until,timestamp with time zone,true,false,false,false,NAME_AND_TYPE_INFERRED_E2_REQUIRED,NON_SECRET_METADATA,,true,TIMESTAMPTZ_DB_DECLARED,DATABASE_TIMESTAMP_PRECISION,OFFSET_AWARE_DATABASE_TYPE
trading_system_postgresql,portal_command,operations,16,attempts,integer,false,true,false,false,NAME_AND_TYPE_INFERRED_E2_REQUIRED,NON_SECRET_METADATA,,false,NOT_TIME_BEARING,NOT_APPLICABLE,NOT_APPLICABLE
trading_system_postgresql,portal_command,operations,17,result,jsonb,false,true,false,false,NAME_AND_TYPE_INFERRED_E2_REQUIRED,NON_SECRET_METADATA,,false,NOT_TIME_BEARING,NOT_APPLICABLE,NOT_APPLICABLE
trading_system_postgresql,portal_command,operations,18,created_at,timestamp with time zone,false,true,false,false,NAME_AND_TYPE_INFERRED_E2_REQUIRED,NON_SECRET_METADATA,,true,TIMESTAMPTZ_DB_DECLARED,DATABASE_TIMESTAMP_PRECISION,OFFSET_AWARE_DATABASE_TYPE
trading_system_postgresql,portal_command,operations,19,updated_at,timestamp with time zone,false,true,false,false,NAME_AND_TYPE_INFERRED_E2_REQUIRED,NON_SECRET_METADATA,,true,TIMESTAMPTZ_DB_DECLARED,DATABASE_TIMESTAMP_PRECISION,OFFSET_AWARE_DATABASE_TYPE
trading_system_postgresql,portal_command,operations,20,terminal_at,timestamp with time zone,true,false,false,false,NAME_AND_TYPE_INFERRED_E2_REQUIRED,NON_SECRET_METADATA,,true,TIMESTAMPTZ_DB_DECLARED,DATABASE_TIMESTAMP_PRECISION,OFFSET_AWARE_DATABASE_TYPE
trading_system_postgresql,portal_command,paper_target_allowlist,1,target_type,text,false,false,false,false,NAME_AND_TYPE_INFERRED_E2_REQUIRED,NON_SECRET_METADATA,,false,NOT_TIME_BEARING,NOT_APPLICABLE,NOT_APPLICABLE
trading_system_postgresql,portal_command,paper_target_allowlist,2,target_id,text,false,false,false,false,NAME_AND_TYPE_INFERRED_E2_REQUIRED,NON_SECRET_METADATA,,false,NOT_TIME_BEARING,NOT_APPLICABLE,NOT_APPLICABLE
trading_system_postgresql,portal_command,paper_target_allowlist,3,profile_id,text,false,false,false,false,SCOPE_DIMENSION_NAME_INFERRED_E2_REQUIRED,NON_SECRET_METADATA,profile,false,NOT_TIME_BEARING,NOT_APPLICABLE,NOT_APPLICABLE
trading_system_postgresql,portal_command,paper_target_allowlist,4,enabled,boolean,false,true,false,false,NAME_AND_TYPE_INFERRED_E2_REQUIRED,NON_SECRET_METADATA,,false,NOT_TIME_BEARING,NOT_APPLICABLE,NOT_APPLICABLE
trading_system_postgresql,portal_command,paper_target_allowlist,5,registered_at,timestamp with time zone,false,true,false,false,NAME_AND_TYPE_INFERRED_E2_REQUIRED,NON_SECRET_METADATA,,true,TIMESTAMPTZ_DB_DECLARED,DATABASE_TIMESTAMP_PRECISION,OFFSET_AWARE_DATABASE_TYPE
trading_system_postgresql,portal_command,paper_target_allowlist,6,registered_by,text,false,false,false,false,NAME_AND_TYPE_INFERRED_E2_REQUIRED,NON_SECRET_METADATA,,false,NOT_TIME_BEARING,NOT_APPLICABLE,NOT_APPLICABLE
trading_system_postgresql,public,account_balances,1,account_id,text,false,false,false,false,SCOPE_DIMENSION_NAME_INFERRED_E2_REQUIRED,NON_SECRET_METADATA,account,false,NOT_TIME_BEARING,NOT_APPLICABLE,NOT_APPLICABLE
trading_system_postgresql,public,account_balances,2,currency,text,false,false,false,false,NAME_AND_TYPE_INFERRED_E2_REQUIRED,NON_SECRET_METADATA,,false,NOT_TIME_BEARING,NOT_APPLICABLE,NOT_APPLICABLE
trading_system_postgresql,public,account_balances,3,total,"numeric(38,18)",false,true,false,false,NAME_AND_TYPE_INFERRED_E2_REQUIRED,NON_SECRET_METADATA,,false,NOT_TIME_BEARING,NOT_APPLICABLE,NOT_APPLICABLE
trading_system_postgresql,public,account_balances,4,locked,"numeric(38,18)",false,true,false,false,NAME_AND_TYPE_INFERRED_E2_REQUIRED,NON_SECRET_METADATA,,false,NOT_TIME_BEARING,NOT_APPLICABLE,NOT_APPLICABLE
trading_system_postgresql,public,account_balances,5,free,"numeric(38,18)",false,true,false,false,NAME_AND_TYPE_INFERRED_E2_REQUIRED,NON_SECRET_METADATA,,false,NOT_TIME_BEARING,NOT_APPLICABLE,NOT_APPLICABLE
trading_system_postgresql,public,account_balances,6,updated_at,timestamp with time zone,false,true,false,false,NAME_AND_TYPE_INFERRED_E2_REQUIRED,NON_SECRET_METADATA,,true,TIMESTAMPTZ_DB_DECLARED,DATABASE_TIMESTAMP_PRECISION,OFFSET_AWARE_DATABASE_TYPE
trading_system_postgresql,public,account_equity_snapshots,1,id,bigint,false,true,false,false,NAME_AND_TYPE_INFERRED_E2_REQUIRED,NON_SECRET_METADATA,,false,NOT_TIME_BEARING,NOT_APPLICABLE,NOT_APPLICABLE
trading_system_postgresql,public,account_equity_snapshots,2,ts,timestamp with time zone,false,false,false,false,NAME_AND_TYPE_INFERRED_E2_REQUIRED,NON_SECRET_METADATA,,true,TIMESTAMPTZ_DB_DECLARED,DATABASE_TIMESTAMP_PRECISION,OFFSET_AWARE_DATABASE_TYPE
trading_system_postgresql,public,account_equity_snapshots,3,deployment_id,text,false,false,false,false,SCOPE_DIMENSION_NAME_INFERRED_E2_REQUIRED,NON_SECRET_METADATA,deployment,false,NOT_TIME_BEARING,NOT_APPLICABLE,NOT_APPLICABLE
trading_system_postgresql,public,account_equity_snapshots,4,strategy_id,text,false,false,false,false,SCOPE_DIMENSION_NAME_INFERRED_E2_REQUIRED,NON_SECRET_METADATA,strategy,false,NOT_TIME_BEARING,NOT_APPLICABLE,NOT_APPLICABLE
trading_system_postgresql,public,account_equity_snapshots,5,account_id,text,false,false,false,false,SCOPE_DIMENSION_NAME_INFERRED_E2_REQUIRED,NON_SECRET_METADATA,account,false,NOT_TIME_BEARING,NOT_APPLICABLE,NOT_APPLICABLE
trading_system_postgresql,public,account_equity_snapshots,6,mode,text,false,false,false,false,SCOPE_DIMENSION_NAME_INFERRED_E2_REQUIRED,NON_SECRET_METADATA,mode,false,NOT_TIME_BEARING,NOT_APPLICABLE,NOT_APPLICABLE
trading_system_postgresql,public,account_equity_snapshots,7,venue,text,false,false,false,false,SCOPE_DIMENSION_NAME_INFERRED_E2_REQUIRED,NON_SECRET_METADATA,venue,false,NOT_TIME_BEARING,NOT_APPLICABLE,NOT_APPLICABLE
trading_system_postgresql,public,account_equity_snapshots,8,currency,text,true,false,false,false,NAME_AND_TYPE_INFERRED_E2_REQUIRED,NON_SECRET_METADATA,,false,NOT_TIME_BEARING,NOT_APPLICABLE,NOT_APPLICABLE
trading_system_postgresql,public,account_equity_snapshots,9,cash_total,"numeric(38,18)",false,true,false,false,NAME_AND_TYPE_INFERRED_E2_REQUIRED,NON_SECRET_METADATA,,false,NOT_TIME_BEARING,NOT_APPLICABLE,NOT_APPLICABLE
trading_system_postgresql,public,account_equity_snapshots,10,cash_free,"numeric(38,18)",false,true,false,false,NAME_AND_TYPE_INFERRED_E2_REQUIRED,NON_SECRET_METADATA,,false,NOT_TIME_BEARING,NOT_APPLICABLE,NOT_APPLICABLE
trading_system_postgresql,public,account_equity_snapshots,11,cash_locked,"numeric(38,18)",false,true,false,false,NAME_AND_TYPE_INFERRED_E2_REQUIRED,NON_SECRET_METADATA,,false,NOT_TIME_BEARING,NOT_APPLICABLE,NOT_APPLICABLE
trading_system_postgresql,public,account_equity_snapshots,12,margin_initial,"numeric(38,18)",false,true,false,false,NAME_AND_TYPE_INFERRED_E2_REQUIRED,NON_SECRET_METADATA,,false,NOT_TIME_BEARING,NOT_APPLICABLE,NOT_APPLICABLE
trading_system_postgresql,public,account_equity_snapshots,13,margin_maintenance,"numeric(38,18)",false,true,false,false,NAME_AND_TYPE_INFERRED_E2_REQUIRED,NON_SECRET_METADATA,,false,NOT_TIME_BEARING,NOT_APPLICABLE,NOT_APPLICABLE
trading_system_postgresql,public,account_equity_snapshots,14,realized_pnl,"numeric(38,18)",false,true,false,false,NAME_AND_TYPE_INFERRED_E2_REQUIRED,NON_SECRET_METADATA,,false,NOT_TIME_BEARING,NOT_APPLICABLE,NOT_APPLICABLE
trading_system_postgresql,public,account_equity_snapshots,15,unrealized_pnl,"numeric(38,18)",false,true,false,false,NAME_AND_TYPE_INFERRED_E2_REQUIRED,NON_SECRET_METADATA,,false,NOT_TIME_BEARING,NOT_APPLICABLE,NOT_APPLICABLE
trading_system_postgresql,public,account_equity_snapshots,16,fee_total,"numeric(38,18)",false,true,false,false,NAME_AND_TYPE_INFERRED_E2_REQUIRED,NON_SECRET_METADATA,,false,NOT_TIME_BEARING,NOT_APPLICABLE,NOT_APPLICABLE
trading_system_postgresql,public,account_equity_snapshots,17,funding_pnl,"numeric(38,18)",false,true,false,false,NAME_AND_TYPE_INFERRED_E2_REQUIRED,NON_SECRET_METADATA,,false,NOT_TIME_BEARING,NOT_APPLICABLE,NOT_APPLICABLE
trading_system_postgresql,public,account_equity_snapshots,18,gross_pnl,"numeric(38,18)",false,true,false,false,NAME_AND_TYPE_INFERRED_E2_REQUIRED,NON_SECRET_METADATA,,false,NOT_TIME_BEARING,NOT_APPLICABLE,NOT_APPLICABLE
trading_system_postgresql,public,account_equity_snapshots,19,net_pnl,"numeric(38,18)",false,true,false,false,NAME_AND_TYPE_INFERRED_E2_REQUIRED,NON_SECRET_METADATA,,false,NOT_TIME_BEARING,NOT_APPLICABLE,NOT_APPLICABLE
trading_system_postgresql,public,account_equity_snapshots,20,equity,"numeric(38,18)",false,true,false,false,NAME_AND_TYPE_INFERRED_E2_REQUIRED,NON_SECRET_METADATA,,false,NOT_TIME_BEARING,NOT_APPLICABLE,NOT_APPLICABLE
trading_system_postgresql,public,account_equity_snapshots,21,drawdown,"numeric(18,8)",false,true,false,false,NAME_AND_TYPE_INFERRED_E2_REQUIRED,NON_SECRET_METADATA,,false,NOT_TIME_BEARING,NOT_APPLICABLE,NOT_APPLICABLE
trading_system_postgresql,public,account_equity_snapshots,22,total_notional,"numeric(38,18)",false,true,false,false,NAME_AND_TYPE_INFERRED_E2_REQUIRED,NON_SECRET_METADATA,,false,NOT_TIME_BEARING,NOT_APPLICABLE,NOT_APPLICABLE
trading_system_postgresql,public,account_equity_snapshots,23,total_fills,integer,false,true,false,false,NAME_AND_TYPE_INFERRED_E2_REQUIRED,NON_SECRET_METADATA,,false,NOT_TIME_BEARING,NOT_APPLICABLE,NOT_APPLICABLE
trading_system_postgresql,public,account_equity_snapshots,24,source,text,false,true,false,false,NAME_AND_TYPE_INFERRED_E2_REQUIRED,NON_SECRET_METADATA,,false,NOT_TIME_BEARING,NOT_APPLICABLE,NOT_APPLICABLE
trading_system_postgresql,public,account_equity_snapshots,25,created_at,timestamp with time zone,false,true,false,false,NAME_AND_TYPE_INFERRED_E2_REQUIRED,NON_SECRET_METADATA,,true,TIMESTAMPTZ_DB_DECLARED,DATABASE_TIMESTAMP_PRECISION,OFFSET_AWARE_DATABASE_TYPE
trading_system_postgresql,public,account_equity_snapshots,26,snapshot_reason,text,false,true,false,false,NAME_AND_TYPE_INFERRED_E2_REQUIRED,NON_SECRET_METADATA,,false,NOT_TIME_BEARING,NOT_APPLICABLE,NOT_APPLICABLE
trading_system_postgresql,public,account_equity_snapshots,27,state_digest,text,true,false,false,false,NAME_AND_TYPE_INFERRED_E2_REQUIRED,NON_SECRET_METADATA,,false,NOT_TIME_BEARING,NOT_APPLICABLE,NOT_APPLICABLE
trading_system_postgresql,public,account_policies,1,account_policy_id,text,false,true,false,false,NAME_AND_TYPE_INFERRED_E2_REQUIRED,NON_SECRET_METADATA,,false,NOT_TIME_BEARING,NOT_APPLICABLE,NOT_APPLICABLE
trading_system_postgresql,public,account_policies,2,account_id,text,false,false,false,false,SCOPE_DIMENSION_NAME_INFERRED_E2_REQUIRED,NON_SECRET_METADATA,account,false,NOT_TIME_BEARING,NOT_APPLICABLE,NOT_APPLICABLE
trading_system_postgresql,public,account_policies,3,mode,text,false,false,false,false,SCOPE_DIMENSION_NAME_INFERRED_E2_REQUIRED,NON_SECRET_METADATA,mode,false,NOT_TIME_BEARING,NOT_APPLICABLE,NOT_APPLICABLE
trading_system_postgresql,public,account_policies,4,venue,text,false,false,false,false,SCOPE_DIMENSION_NAME_INFERRED_E2_REQUIRED,NON_SECRET_METADATA,venue,false,NOT_TIME_BEARING,NOT_APPLICABLE,NOT_APPLICABLE
trading_system_postgresql,public,account_policies,5,account_type,text,false,false,false,false,NAME_AND_TYPE_INFERRED_E2_REQUIRED,NON_SECRET_METADATA,,false,NOT_TIME_BEARING,NOT_APPLICABLE,NOT_APPLICABLE
trading_system_postgresql,public,account_policies,6,margin_mode,text,false,true,false,false,SCOPE_DIMENSION_NAME_INFERRED_E2_REQUIRED,NON_SECRET_METADATA,mode,false,NOT_TIME_BEARING,NOT_APPLICABLE,NOT_APPLICABLE
trading_system_postgresql,public,account_policies,7,settlement_policy,text,false,true,false,false,NAME_AND_TYPE_INFERRED_E2_REQUIRED,NON_SECRET_METADATA,,false,NOT_TIME_BEARING,NOT_APPLICABLE,NOT_APPLICABLE
trading_system_postgresql,public,account_policies,8,allow_borrowing,boolean,false,true,false,false,NAME_AND_TYPE_INFERRED_E2_REQUIRED,NON_SECRET_METADATA,,false,NOT_TIME_BEARING,NOT_APPLICABLE,NOT_APPLICABLE
trading_system_postgresql,public,account_policies,9,default_leverage,"numeric(18,8)",false,true,false,false,NAME_AND_TYPE_INFERRED_E2_REQUIRED,NON_SECRET_METADATA,,false,NOT_TIME_BEARING,NOT_APPLICABLE,NOT_APPLICABLE
trading_system_postgresql,public,account_policies,10,maker_fee_bps,"numeric(18,8)",false,true,false,false,NAME_AND_TYPE_INFERRED_E2_REQUIRED,NON_SECRET_METADATA,,false,NOT_TIME_BEARING,NOT_APPLICABLE,NOT_APPLICABLE
trading_system_postgresql,public,account_policies,11,taker_fee_bps,"numeric(18,8)",false,true,false,false,NAME_AND_TYPE_INFERRED_E2_REQUIRED,NON_SECRET_METADATA,,false,NOT_TIME_BEARING,NOT_APPLICABLE,NOT_APPLICABLE
trading_system_postgresql,public,account_policies,12,maintenance_margin_rate,"numeric(18,8)",false,true,false,false,NAME_AND_TYPE_INFERRED_E2_REQUIRED,NON_SECRET_METADATA,,false,NOT_TIME_BEARING,NOT_APPLICABLE,NOT_APPLICABLE
trading_system_postgresql,public,account_policies,13,enforce_pretrade_balance,boolean,false,true,false,false,NAME_AND_TYPE_INFERRED_E2_REQUIRED,NON_SECRET_METADATA,,false,NOT_TIME_BEARING,NOT_APPLICABLE,NOT_APPLICABLE
trading_system_postgresql,public,account_policies,14,require_broker_sync,boolean,false,true,false,false,NAME_AND_TYPE_INFERRED_E2_REQUIRED,NON_SECRET_METADATA,,false,NOT_TIME_BEARING,NOT_APPLICABLE,NOT_APPLICABLE
trading_system_postgresql,public,account_policies,15,max_sync_age_seconds,integer,false,true,false,false,NAME_AND_TYPE_INFERRED_E2_REQUIRED,NON_SECRET_METADATA,,true,EPOCH_SECONDS_NAME_INFERRED,SECONDS,E2_CLOCK_AUTHORITY_REQUIRED
trading_system_postgresql,public,account_policies,16,position_accounting_mode,text,false,true,false,false,SCOPE_DIMENSION_NAME_INFERRED_E2_REQUIRED,NON_SECRET_METADATA,mode,false,NOT_TIME_BEARING,NOT_APPLICABLE,NOT_APPLICABLE
trading_system_postgresql,public,account_policies,17,loan_package_id,text,true,false,false,false,NAME_AND_TYPE_INFERRED_E2_REQUIRED,NON_SECRET_METADATA,,false,NOT_TIME_BEARING,NOT_APPLICABLE,NOT_APPLICABLE
trading_system_postgresql,public,account_policies,18,metadata,jsonb,false,true,false,false,NAME_AND_TYPE_INFERRED_E2_REQUIRED,MAY_CONTAIN_SENSITIVE_STRUCTURED_DATA,,false,NOT_TIME_BEARING,NOT_APPLICABLE,NOT_APPLICABLE
trading_system_postgresql,public,account_policies,19,created_at,timestamp with time zone,false,true,false,false,NAME_AND_TYPE_INFERRED_E2_REQUIRED,NON_SECRET_METADATA,,true,TIMESTAMPTZ_DB_DECLARED,DATABASE_TIMESTAMP_PRECISION,OFFSET_AWARE_DATABASE_TYPE
trading_system_postgresql,public,account_policies,20,updated_at,timestamp with time zone,false,true,false,false,NAME_AND_TYPE_INFERRED_E2_REQUIRED,NON_SECRET_METADATA,,true,TIMESTAMPTZ_DB_DECLARED,DATABASE_TIMESTAMP_PRECISION,OFFSET_AWARE_DATABASE_TYPE
trading_system_postgresql,public,account_reservations,1,reservation_id,text,false,true,false,false,NAME_AND_TYPE_INFERRED_E2_REQUIRED,NON_SECRET_METADATA,,false,NOT_TIME_BEARING,NOT_APPLICABLE,NOT_APPLICABLE
trading_system_postgresql,public,account_reservations,2,account_id,text,false,false,false,false,SCOPE_DIMENSION_NAME_INFERRED_E2_REQUIRED,NON_SECRET_METADATA,account,false,NOT_TIME_BEARING,NOT_APPLICABLE,NOT_APPLICABLE
trading_system_postgresql,public,account_reservations,3,strategy_id,text,false,false,false,false,SCOPE_DIMENSION_NAME_INFERRED_E2_REQUIRED,NON_SECRET_METADATA,strategy,false,NOT_TIME_BEARING,NOT_APPLICABLE,NOT_APPLICABLE
trading_system_postgresql,public,account_reservations,4,mode,text,false,false,false,false,SCOPE_DIMENSION_NAME_INFERRED_E2_REQUIRED,NON_SECRET_METADATA,mode,false,NOT_TIME_BEARING,NOT_APPLICABLE,NOT_APPLICABLE
trading_system_postgresql,public,account_reservations,5,venue,text,false,false,false,false,SCOPE_DIMENSION_NAME_INFERRED_E2_REQUIRED,NON_SECRET_METADATA,venue,false,NOT_TIME_BEARING,NOT_APPLICABLE,NOT_APPLICABLE
trading_system_postgresql,public,account_reservations,6,instrument_id,text,true,false,false,false,SCOPE_DIMENSION_NAME_INFERRED_E2_REQUIRED,NON_SECRET_METADATA,instrument,false,NOT_TIME_BEARING,NOT_APPLICABLE,NOT_APPLICABLE
trading_system_postgresql,public,account_reservations,7,client_order_id,text,false,false,false,false,NAME_AND_TYPE_INFERRED_E2_REQUIRED,NON_SECRET_METADATA,,false,NOT_TIME_BEARING,NOT_APPLICABLE,NOT_APPLICABLE
trading_system_postgresql,public,account_reservations,8,reservation_type,text,false,false,false,false,NAME_AND_TYPE_INFERRED_E2_REQUIRED,NON_SECRET_METADATA,,false,NOT_TIME_BEARING,NOT_APPLICABLE,NOT_APPLICABLE
trading_system_postgresql,public,account_reservations,9,margin_mode,text,false,true,false,false,SCOPE_DIMENSION_NAME_INFERRED_E2_REQUIRED,NON_SECRET_METADATA,mode,false,NOT_TIME_BEARING,NOT_APPLICABLE,NOT_APPLICABLE
trading_system_postgresql,public,account_reservations,10,currency,text,false,false,false,false,NAME_AND_TYPE_INFERRED_E2_REQUIRED,NON_SECRET_METADATA,,false,NOT_TIME_BEARING,NOT_APPLICABLE,NOT_APPLICABLE
trading_system_postgresql,public,account_reservations,11,amount,"numeric(38,18)",false,false,false,false,NAME_AND_TYPE_INFERRED_E2_REQUIRED,NON_SECRET_METADATA,,false,NOT_TIME_BEARING,NOT_APPLICABLE,NOT_APPLICABLE
trading_system_postgresql,public,account_reservations,12,consumed_amount,"numeric(38,18)",false,true,false,false,NAME_AND_TYPE_INFERRED_E2_REQUIRED,NON_SECRET_METADATA,,false,NOT_TIME_BEARING,NOT_APPLICABLE,NOT_APPLICABLE
trading_system_postgresql,public,account_reservations,13,released_amount,"numeric(38,18)",false,true,false,false,NAME_AND_TYPE_INFERRED_E2_REQUIRED,NON_SECRET_METADATA,,false,NOT_TIME_BEARING,NOT_APPLICABLE,NOT_APPLICABLE
trading_system_postgresql,public,account_reservations,14,status,text,false,true,false,false,NAME_AND_TYPE_INFERRED_E2_REQUIRED,NON_SECRET_METADATA,,false,NOT_TIME_BEARING,NOT_APPLICABLE,NOT_APPLICABLE
trading_system_postgresql,public,account_reservations,15,reason,text,true,false,false,false,NAME_AND_TYPE_INFERRED_E2_REQUIRED,NON_SECRET_METADATA,,false,NOT_TIME_BEARING,NOT_APPLICABLE,NOT_APPLICABLE
trading_system_postgresql,public,account_reservations,16,metadata,jsonb,false,true,false,false,NAME_AND_TYPE_INFERRED_E2_REQUIRED,MAY_CONTAIN_SENSITIVE_STRUCTURED_DATA,,false,NOT_TIME_BEARING,NOT_APPLICABLE,NOT_APPLICABLE
trading_system_postgresql,public,account_reservations,17,created_at,timestamp with time zone,false,true,false,false,NAME_AND_TYPE_INFERRED_E2_REQUIRED,NON_SECRET_METADATA,,true,TIMESTAMPTZ_DB_DECLARED,DATABASE_TIMESTAMP_PRECISION,OFFSET_AWARE_DATABASE_TYPE
trading_system_postgresql,public,account_reservations,18,updated_at,timestamp with time zone,false,true,false,false,NAME_AND_TYPE_INFERRED_E2_REQUIRED,NON_SECRET_METADATA,,true,TIMESTAMPTZ_DB_DECLARED,DATABASE_TIMESTAMP_PRECISION,OFFSET_AWARE_DATABASE_TYPE
trading_system_postgresql,public,account_sync_current_state,1,account_id,text,false,false,false,false,SCOPE_DIMENSION_NAME_INFERRED_E2_REQUIRED,NON_SECRET_METADATA,account,false,NOT_TIME_BEARING,NOT_APPLICABLE,NOT_APPLICABLE
trading_system_postgresql,public,account_sync_current_state,2,sync_id,text,false,false,false,false,NAME_AND_TYPE_INFERRED_E2_REQUIRED,NON_SECRET_METADATA,,false,NOT_TIME_BEARING,NOT_APPLICABLE,NOT_APPLICABLE
trading_system_postgresql,public,account_sync_current_state,3,mode,text,false,false,false,false,SCOPE_DIMENSION_NAME_INFERRED_E2_REQUIRED,NON_SECRET_METADATA,mode,false,NOT_TIME_BEARING,NOT_APPLICABLE,NOT_APPLICABLE
trading_system_postgresql,public,account_sync_current_state,4,venue,text,false,false,false,false,SCOPE_DIMENSION_NAME_INFERRED_E2_REQUIRED,NON_SECRET_METADATA,venue,false,NOT_TIME_BEARING,NOT_APPLICABLE,NOT_APPLICABLE
trading_system_postgresql,public,account_sync_current_state,5,source,text,false,false,false,false,NAME_AND_TYPE_INFERRED_E2_REQUIRED,NON_SECRET_METADATA,,false,NOT_TIME_BEARING,NOT_APPLICABLE,NOT_APPLICABLE
trading_system_postgresql,public,account_sync_current_state,6,status,text,false,false,false,false,NAME_AND_TYPE_INFERRED_E2_REQUIRED,NON_SECRET_METADATA,,false,NOT_TIME_BEARING,NOT_APPLICABLE,NOT_APPLICABLE
trading_system_postgresql,public,account_sync_current_state,7,state_digest,text,false,false,false,false,NAME_AND_TYPE_INFERRED_E2_REQUIRED,NON_SECRET_METADATA,,false,NOT_TIME_BEARING,NOT_APPLICABLE,NOT_APPLICABLE
trading_system_postgresql,public,account_sync_current_state,8,balances,jsonb,false,true,false,false,NAME_AND_TYPE_INFERRED_E2_REQUIRED,NON_SECRET_METADATA,,false,NOT_TIME_BEARING,NOT_APPLICABLE,NOT_APPLICABLE
trading_system_postgresql,public,account_sync_current_state,9,positions,jsonb,false,true,false,false,NAME_AND_TYPE_INFERRED_E2_REQUIRED,NON_SECRET_METADATA,,false,NOT_TIME_BEARING,NOT_APPLICABLE,NOT_APPLICABLE
trading_system_postgresql,public,account_sync_current_state,10,open_orders,jsonb,false,true,false,false,NAME_AND_TYPE_INFERRED_E2_REQUIRED,NON_SECRET_METADATA,,false,NOT_TIME_BEARING,NOT_APPLICABLE,NOT_APPLICABLE
trading_system_postgresql,public,account_sync_current_state,11,buying_power,"numeric(38,18)",true,false,false,false,NAME_AND_TYPE_INFERRED_E2_REQUIRED,NON_SECRET_METADATA,,false,NOT_TIME_BEARING,NOT_APPLICABLE,NOT_APPLICABLE
trading_system_postgresql,public,account_sync_current_state,12,currency,text,true,false,false,false,NAME_AND_TYPE_INFERRED_E2_REQUIRED,NON_SECRET_METADATA,,false,NOT_TIME_BEARING,NOT_APPLICABLE,NOT_APPLICABLE
trading_system_postgresql,public,account_sync_current_state,13,raw,jsonb,false,true,false,false,NAME_AND_TYPE_INFERRED_E2_REQUIRED,NON_SECRET_METADATA,,false,NOT_TIME_BEARING,NOT_APPLICABLE,NOT_APPLICABLE
trading_system_postgresql,public,account_sync_current_state,14,synced_at,timestamp with time zone,false,false,false,false,NAME_AND_TYPE_INFERRED_E2_REQUIRED,NON_SECRET_METADATA,,true,TIMESTAMPTZ_DB_DECLARED,DATABASE_TIMESTAMP_PRECISION,OFFSET_AWARE_DATABASE_TYPE
trading_system_postgresql,public,account_sync_current_state,15,first_seen_at,timestamp with time zone,false,true,false,false,NAME_AND_TYPE_INFERRED_E2_REQUIRED,NON_SECRET_METADATA,,true,TIMESTAMPTZ_DB_DECLARED,DATABASE_TIMESTAMP_PRECISION,OFFSET_AWARE_DATABASE_TYPE
trading_system_postgresql,public,account_sync_current_state,16,updated_at,timestamp with time zone,false,true,false,false,NAME_AND_TYPE_INFERRED_E2_REQUIRED,NON_SECRET_METADATA,,true,TIMESTAMPTZ_DB_DECLARED,DATABASE_TIMESTAMP_PRECISION,OFFSET_AWARE_DATABASE_TYPE
trading_system_postgresql,public,account_sync_current_state,17,execution_state,jsonb,false,true,false,false,NAME_AND_TYPE_INFERRED_E2_REQUIRED,NON_SECRET_METADATA,,false,NOT_TIME_BEARING,NOT_APPLICABLE,NOT_APPLICABLE
trading_system_postgresql,public,account_sync_current_state,18,valuation_digest,text,true,false,false,false,NAME_AND_TYPE_INFERRED_E2_REQUIRED,NON_SECRET_METADATA,,false,NOT_TIME_BEARING,NOT_APPLICABLE,NOT_APPLICABLE
trading_system_postgresql,public,account_sync_current_state,19,raw_checksum,text,true,false,false,false,NAME_AND_TYPE_INFERRED_E2_REQUIRED,NON_SECRET_METADATA,,false,NOT_TIME_BEARING,NOT_APPLICABLE,NOT_APPLICABLE
trading_system_postgresql,public,account_sync_effective,1,sync_id,text,true,false,false,false,NAME_AND_TYPE_INFERRED_E2_REQUIRED,NON_SECRET_METADATA,,false,NOT_TIME_BEARING,NOT_APPLICABLE,NOT_APPLICABLE
trading_system_postgresql,public,account_sync_effective,2,account_id,text,true,false,false,false,SCOPE_DIMENSION_NAME_INFERRED_E2_REQUIRED,NON_SECRET_METADATA,account,false,NOT_TIME_BEARING,NOT_APPLICABLE,NOT_APPLICABLE
trading_system_postgresql,public,account_sync_effective,3,mode,text,true,false,false,false,SCOPE_DIMENSION_NAME_INFERRED_E2_REQUIRED,NON_SECRET_METADATA,mode,false,NOT_TIME_BEARING,NOT_APPLICABLE,NOT_APPLICABLE
trading_system_postgresql,public,account_sync_effective,4,venue,text,true,false,false,false,SCOPE_DIMENSION_NAME_INFERRED_E2_REQUIRED,NON_SECRET_METADATA,venue,false,NOT_TIME_BEARING,NOT_APPLICABLE,NOT_APPLICABLE
trading_system_postgresql,public,account_sync_effective,5,source,text,true,false,false,false,NAME_AND_TYPE_INFERRED_E2_REQUIRED,NON_SECRET_METADATA,,false,NOT_TIME_BEARING,NOT_APPLICABLE,NOT_APPLICABLE
trading_system_postgresql,public,account_sync_effective,6,status,text,true,false,false,false,NAME_AND_TYPE_INFERRED_E2_REQUIRED,NON_SECRET_METADATA,,false,NOT_TIME_BEARING,NOT_APPLICABLE,NOT_APPLICABLE
trading_system_postgresql,public,account_sync_effective,7,balances,jsonb,true,false,false,false,NAME_AND_TYPE_INFERRED_E2_REQUIRED,NON_SECRET_METADATA,,false,NOT_TIME_BEARING,NOT_APPLICABLE,NOT_APPLICABLE
trading_system_postgresql,public,account_sync_effective,8,positions,jsonb,true,false,false,false,NAME_AND_TYPE_INFERRED_E2_REQUIRED,NON_SECRET_METADATA,,false,NOT_TIME_BEARING,NOT_APPLICABLE,NOT_APPLICABLE
trading_system_postgresql,public,account_sync_effective,9,open_orders,jsonb,true,false,false,false,NAME_AND_TYPE_INFERRED_E2_REQUIRED,NON_SECRET_METADATA,,false,NOT_TIME_BEARING,NOT_APPLICABLE,NOT_APPLICABLE
trading_system_postgresql,public,account_sync_effective,10,buying_power,"numeric(38,18)",true,false,false,false,NAME_AND_TYPE_INFERRED_E2_REQUIRED,NON_SECRET_METADATA,,false,NOT_TIME_BEARING,NOT_APPLICABLE,NOT_APPLICABLE
trading_system_postgresql,public,account_sync_effective,11,currency,text,true,false,false,false,NAME_AND_TYPE_INFERRED_E2_REQUIRED,NON_SECRET_METADATA,,false,NOT_TIME_BEARING,NOT_APPLICABLE,NOT_APPLICABLE
trading_system_postgresql,public,account_sync_effective,12,raw,jsonb,true,false,false,false,NAME_AND_TYPE_INFERRED_E2_REQUIRED,NON_SECRET_METADATA,,false,NOT_TIME_BEARING,NOT_APPLICABLE,NOT_APPLICABLE
trading_system_postgresql,public,account_sync_effective,13,synced_at,timestamp with time zone,true,false,false,false,NAME_AND_TYPE_INFERRED_E2_REQUIRED,NON_SECRET_METADATA,,true,TIMESTAMPTZ_DB_DECLARED,DATABASE_TIMESTAMP_PRECISION,OFFSET_AWARE_DATABASE_TYPE
trading_system_postgresql,public,account_sync_effective,14,created_at,timestamp with time zone,true,false,false,false,NAME_AND_TYPE_INFERRED_E2_REQUIRED,NON_SECRET_METADATA,,true,TIMESTAMPTZ_DB_DECLARED,DATABASE_TIMESTAMP_PRECISION,OFFSET_AWARE_DATABASE_TYPE
trading_system_postgresql,public,account_sync_snapshots,1,sync_id,text,false,true,false,false,NAME_AND_TYPE_INFERRED_E2_REQUIRED,NON_SECRET_METADATA,,false,NOT_TIME_BEARING,NOT_APPLICABLE,NOT_APPLICABLE
trading_system_postgresql,public,account_sync_snapshots,2,account_id,text,false,false,false,false,SCOPE_DIMENSION_NAME_INFERRED_E2_REQUIRED,NON_SECRET_METADATA,account,false,NOT_TIME_BEARING,NOT_APPLICABLE,NOT_APPLICABLE
trading_system_postgresql,public,account_sync_snapshots,3,mode,text,false,false,false,false,SCOPE_DIMENSION_NAME_INFERRED_E2_REQUIRED,NON_SECRET_METADATA,mode,false,NOT_TIME_BEARING,NOT_APPLICABLE,NOT_APPLICABLE
trading_system_postgresql,public,account_sync_snapshots,4,venue,text,false,false,false,false,SCOPE_DIMENSION_NAME_INFERRED_E2_REQUIRED,NON_SECRET_METADATA,venue,false,NOT_TIME_BEARING,NOT_APPLICABLE,NOT_APPLICABLE
trading_system_postgresql,public,account_sync_snapshots,5,source,text,false,false,false,false,NAME_AND_TYPE_INFERRED_E2_REQUIRED,NON_SECRET_METADATA,,false,NOT_TIME_BEARING,NOT_APPLICABLE,NOT_APPLICABLE
trading_system_postgresql,public,account_sync_snapshots,6,status,text,false,true,false,false,NAME_AND_TYPE_INFERRED_E2_REQUIRED,NON_SECRET_METADATA,,false,NOT_TIME_BEARING,NOT_APPLICABLE,NOT_APPLICABLE
trading_system_postgresql,public,account_sync_snapshots,7,balances,jsonb,false,true,false,false,NAME_AND_TYPE_INFERRED_E2_REQUIRED,NON_SECRET_METADATA,,false,NOT_TIME_BEARING,NOT_APPLICABLE,NOT_APPLICABLE
trading_system_postgresql,public,account_sync_snapshots,8,positions,jsonb,false,true,false,false,NAME_AND_TYPE_INFERRED_E2_REQUIRED,NON_SECRET_METADATA,,false,NOT_TIME_BEARING,NOT_APPLICABLE,NOT_APPLICABLE
trading_system_postgresql,public,account_sync_snapshots,9,open_orders,jsonb,false,true,false,false,NAME_AND_TYPE_INFERRED_E2_REQUIRED,NON_SECRET_METADATA,,false,NOT_TIME_BEARING,NOT_APPLICABLE,NOT_APPLICABLE
trading_system_postgresql,public,account_sync_snapshots,10,buying_power,"numeric(38,18)",true,false,false,false,NAME_AND_TYPE_INFERRED_E2_REQUIRED,NON_SECRET_METADATA,,false,NOT_TIME_BEARING,NOT_APPLICABLE,NOT_APPLICABLE
trading_system_postgresql,public,account_sync_snapshots,11,currency,text,true,false,false,false,NAME_AND_TYPE_INFERRED_E2_REQUIRED,NON_SECRET_METADATA,,false,NOT_TIME_BEARING,NOT_APPLICABLE,NOT_APPLICABLE
trading_system_postgresql,public,account_sync_snapshots,12,raw,jsonb,false,true,false,false,NAME_AND_TYPE_INFERRED_E2_REQUIRED,NON_SECRET_METADATA,,false,NOT_TIME_BEARING,NOT_APPLICABLE,NOT_APPLICABLE
trading_system_postgresql,public,account_sync_snapshots,13,synced_at,timestamp with time zone,false,true,false,false,NAME_AND_TYPE_INFERRED_E2_REQUIRED,NON_SECRET_METADATA,,true,TIMESTAMPTZ_DB_DECLARED,DATABASE_TIMESTAMP_PRECISION,OFFSET_AWARE_DATABASE_TYPE
trading_system_postgresql,public,account_sync_snapshots,14,created_at,timestamp with time zone,false,true,false,false,NAME_AND_TYPE_INFERRED_E2_REQUIRED,NON_SECRET_METADATA,,true,TIMESTAMPTZ_DB_DECLARED,DATABASE_TIMESTAMP_PRECISION,OFFSET_AWARE_DATABASE_TYPE
trading_system_postgresql,public,account_sync_snapshots,15,execution_state_digest,text,true,false,false,false,NAME_AND_TYPE_INFERRED_E2_REQUIRED,NON_SECRET_METADATA,,false,NOT_TIME_BEARING,NOT_APPLICABLE,NOT_APPLICABLE
trading_system_postgresql,public,account_sync_snapshots,16,raw_checksum,text,true,false,false,false,NAME_AND_TYPE_INFERRED_E2_REQUIRED,NON_SECRET_METADATA,,false,NOT_TIME_BEARING,NOT_APPLICABLE,NOT_APPLICABLE
trading_system_postgresql,public,account_sync_snapshots,17,archive_state,text,false,true,false,false,NAME_AND_TYPE_INFERRED_E2_REQUIRED,NON_SECRET_METADATA,,false,NOT_TIME_BEARING,NOT_APPLICABLE,NOT_APPLICABLE
trading_system_postgresql,public,account_sync_snapshots,18,archive_manifest_id,uuid,true,false,false,false,NAME_AND_TYPE_INFERRED_E2_REQUIRED,NON_SECRET_METADATA,,false,NOT_TIME_BEARING,NOT_APPLICABLE,NOT_APPLICABLE
trading_system_postgresql,public,account_sync_snapshots,19,archived_at,timestamp with time zone,true,false,false,false,NAME_AND_TYPE_INFERRED_E2_REQUIRED,NON_SECRET_METADATA,,true,TIMESTAMPTZ_DB_DECLARED,DATABASE_TIMESTAMP_PRECISION,OFFSET_AWARE_DATABASE_TYPE
trading_system_postgresql,public,accounts,1,account_id,text,false,false,false,false,SCOPE_DIMENSION_NAME_INFERRED_E2_REQUIRED,NON_SECRET_METADATA,account,false,NOT_TIME_BEARING,NOT_APPLICABLE,NOT_APPLICABLE
trading_system_postgresql,public,accounts,2,trader_id,text,true,false,false,false,NAME_AND_TYPE_INFERRED_E2_REQUIRED,NON_SECRET_METADATA,,false,NOT_TIME_BEARING,NOT_APPLICABLE,NOT_APPLICABLE
trading_system_postgresql,public,accounts,3,strategy_id,text,true,false,false,false,SCOPE_DIMENSION_NAME_INFERRED_E2_REQUIRED,NON_SECRET_METADATA,strategy,false,NOT_TIME_BEARING,NOT_APPLICABLE,NOT_APPLICABLE
trading_system_postgresql,public,accounts,4,mode,text,false,false,false,false,SCOPE_DIMENSION_NAME_INFERRED_E2_REQUIRED,NON_SECRET_METADATA,mode,false,NOT_TIME_BEARING,NOT_APPLICABLE,NOT_APPLICABLE
trading_system_postgresql,public,accounts,5,venue,text,false,false,false,false,SCOPE_DIMENSION_NAME_INFERRED_E2_REQUIRED,NON_SECRET_METADATA,venue,false,NOT_TIME_BEARING,NOT_APPLICABLE,NOT_APPLICABLE
trading_system_postgresql,public,accounts,6,account_type,text,false,false,false,false,NAME_AND_TYPE_INFERRED_E2_REQUIRED,NON_SECRET_METADATA,,false,NOT_TIME_BEARING,NOT_APPLICABLE,NOT_APPLICABLE
trading_system_postgresql,public,accounts,7,base_currency,text,true,false,false,false,NAME_AND_TYPE_INFERRED_E2_REQUIRED,NON_SECRET_METADATA,,false,NOT_TIME_BEARING,NOT_APPLICABLE,NOT_APPLICABLE
trading_system_postgresql,public,accounts,8,external_account_ref,text,true,false,false,false,NAME_AND_TYPE_INFERRED_E2_REQUIRED,NON_SECRET_METADATA,,false,NOT_TIME_BEARING,NOT_APPLICABLE,NOT_APPLICABLE
trading_system_postgresql,public,accounts,9,active,boolean,false,true,false,false,NAME_AND_TYPE_INFERRED_E2_REQUIRED,NON_SECRET_METADATA,,false,NOT_TIME_BEARING,NOT_APPLICABLE,NOT_APPLICABLE
trading_system_postgresql,public,accounts,10,created_at,timestamp with time zone,false,true,false,false,NAME_AND_TYPE_INFERRED_E2_REQUIRED,NON_SECRET_METADATA,,true,TIMESTAMPTZ_DB_DECLARED,DATABASE_TIMESTAMP_PRECISION,OFFSET_AWARE_DATABASE_TYPE
trading_system_postgresql,public,accounts,11,updated_at,timestamp with time zone,false,true,false,false,NAME_AND_TYPE_INFERRED_E2_REQUIRED,NON_SECRET_METADATA,,true,TIMESTAMPTZ_DB_DECLARED,DATABASE_TIMESTAMP_PRECISION,OFFSET_AWARE_DATABASE_TYPE
trading_system_postgresql,public,alpha_ledger,1,alpha_id,text,false,false,false,false,SCOPE_DIMENSION_NAME_INFERRED_E2_REQUIRED,NON_SECRET_METADATA,strategy,false,NOT_TIME_BEARING,NOT_APPLICABLE,NOT_APPLICABLE
trading_system_postgresql,public,alpha_ledger,2,currency,text,true,true,false,false,NAME_AND_TYPE_INFERRED_E2_REQUIRED,NON_SECRET_METADATA,,false,NOT_TIME_BEARING,NOT_APPLICABLE,NOT_APPLICABLE
trading_system_postgresql,public,alpha_ledger,3,initial_balance,double precision,true,true,false,false,NAME_AND_TYPE_INFERRED_E2_REQUIRED,NON_SECRET_METADATA,,false,NOT_TIME_BEARING,NOT_APPLICABLE,NOT_APPLICABLE
trading_system_postgresql,public,alpha_ledger,4,current_balance,double precision,true,true,false,false,NAME_AND_TYPE_INFERRED_E2_REQUIRED,NON_SECRET_METADATA,,false,NOT_TIME_BEARING,NOT_APPLICABLE,NOT_APPLICABLE
trading_system_postgresql,public,alpha_ledger,5,locked_margin,double precision,true,true,false,false,NAME_AND_TYPE_INFERRED_E2_REQUIRED,NON_SECRET_METADATA,,false,NOT_TIME_BEARING,NOT_APPLICABLE,NOT_APPLICABLE
trading_system_postgresql,public,alpha_ledger,6,max_equity,double precision,true,true,false,false,NAME_AND_TYPE_INFERRED_E2_REQUIRED,NON_SECRET_METADATA,,false,NOT_TIME_BEARING,NOT_APPLICABLE,NOT_APPLICABLE
trading_system_postgresql,public,alpha_ledger,7,total_fees,double precision,true,true,false,false,NAME_AND_TYPE_INFERRED_E2_REQUIRED,NON_SECRET_METADATA,,false,NOT_TIME_BEARING,NOT_APPLICABLE,NOT_APPLICABLE
trading_system_postgresql,public,alpha_ledger,8,total_volume,double precision,true,true,false,false,NAME_AND_TYPE_INFERRED_E2_REQUIRED,NON_SECRET_METADATA,,false,NOT_TIME_BEARING,NOT_APPLICABLE,NOT_APPLICABLE
trading_system_postgresql,public,alpha_ledger,9,update_time,timestamp with time zone,true,true,false,false,NAME_AND_TYPE_INFERRED_E2_REQUIRED,NON_SECRET_METADATA,,true,TIMESTAMPTZ_DB_DECLARED,DATABASE_TIMESTAMP_PRECISION,OFFSET_AWARE_DATABASE_TYPE
trading_system_postgresql,public,alpha_positions,1,alpha_id,text,false,false,false,false,SCOPE_DIMENSION_NAME_INFERRED_E2_REQUIRED,NON_SECRET_METADATA,strategy,false,NOT_TIME_BEARING,NOT_APPLICABLE,NOT_APPLICABLE
trading_system_postgresql,public,alpha_positions,2,symbol,text,false,false,false,false,SCOPE_DIMENSION_NAME_INFERRED_E2_REQUIRED,NON_SECRET_METADATA,instrument,false,NOT_TIME_BEARING,NOT_APPLICABLE,NOT_APPLICABLE
trading_system_postgresql,public,alpha_positions,3,quantity,double precision,true,true,false,false,NAME_AND_TYPE_INFERRED_E2_REQUIRED,NON_SECRET_METADATA,,false,NOT_TIME_BEARING,NOT_APPLICABLE,NOT_APPLICABLE
trading_system_postgresql,public,alpha_positions,4,pending_buy_qty,double precision,true,true,false,false,NAME_AND_TYPE_INFERRED_E2_REQUIRED,NON_SECRET_METADATA,,false,NOT_TIME_BEARING,NOT_APPLICABLE,NOT_APPLICABLE
trading_system_postgresql,public,alpha_positions,5,pending_sell_qty,double precision,true,true,false,false,NAME_AND_TYPE_INFERRED_E2_REQUIRED,NON_SECRET_METADATA,,false,NOT_TIME_BEARING,NOT_APPLICABLE,NOT_APPLICABLE
trading_system_postgresql,public,alpha_positions,6,entry_price,double precision,true,true,false,false,NAME_AND_TYPE_INFERRED_E2_REQUIRED,NON_SECRET_METADATA,,false,NOT_TIME_BEARING,NOT_APPLICABLE,NOT_APPLICABLE
trading_system_postgresql,public,alpha_positions,7,realized_pnl,double precision,true,true,false,false,NAME_AND_TYPE_INFERRED_E2_REQUIRED,NON_SECRET_METADATA,,false,NOT_TIME_BEARING,NOT_APPLICABLE,NOT_APPLICABLE
trading_system_postgresql,public,alpha_positions,8,unrealized_pnl,double precision,true,true,false,false,NAME_AND_TYPE_INFERRED_E2_REQUIRED,NON_SECRET_METADATA,,false,NOT_TIME_BEARING,NOT_APPLICABLE,NOT_APPLICABLE
trading_system_postgresql,public,alpha_positions,9,update_time,timestamp with time zone,true,true,false,false,NAME_AND_TYPE_INFERRED_E2_REQUIRED,NON_SECRET_METADATA,,true,TIMESTAMPTZ_DB_DECLARED,DATABASE_TIMESTAMP_PRECISION,OFFSET_AWARE_DATABASE_TYPE
trading_system_postgresql,public,alpha_positions,10,mode,text,true,true,false,false,SCOPE_DIMENSION_NAME_INFERRED_E2_REQUIRED,NON_SECRET_METADATA,mode,false,NOT_TIME_BEARING,NOT_APPLICABLE,NOT_APPLICABLE
trading_system_postgresql,public,alpha_positions,11,venue,text,true,true,false,false,SCOPE_DIMENSION_NAME_INFERRED_E2_REQUIRED,NON_SECRET_METADATA,venue,false,NOT_TIME_BEARING,NOT_APPLICABLE,NOT_APPLICABLE
trading_system_postgresql,public,alpha_positions,12,account_id,text,true,false,false,false,SCOPE_DIMENSION_NAME_INFERRED_E2_REQUIRED,NON_SECRET_METADATA,account,false,NOT_TIME_BEARING,NOT_APPLICABLE,NOT_APPLICABLE
trading_system_postgresql,public,alpha_risk_config,1,alpha_id,text,false,false,false,false,SCOPE_DIMENSION_NAME_INFERRED_E2_REQUIRED,NON_SECRET_METADATA,strategy,false,NOT_TIME_BEARING,NOT_APPLICABLE,NOT_APPLICABLE
trading_system_postgresql,public,alpha_risk_config,2,max_notional_order,double precision,true,true,false,false,NAME_AND_TYPE_INFERRED_E2_REQUIRED,NON_SECRET_METADATA,,false,NOT_TIME_BEARING,NOT_APPLICABLE,NOT_APPLICABLE
trading_system_postgresql,public,alpha_risk_config,3,max_notional_pos,double precision,true,true,false,false,NAME_AND_TYPE_INFERRED_E2_REQUIRED,NON_SECRET_METADATA,,false,NOT_TIME_BEARING,NOT_APPLICABLE,NOT_APPLICABLE
trading_system_postgresql,public,alpha_risk_config,4,max_leverage,integer,true,true,false,false,NAME_AND_TYPE_INFERRED_E2_REQUIRED,NON_SECRET_METADATA,,false,NOT_TIME_BEARING,NOT_APPLICABLE,NOT_APPLICABLE
trading_system_postgresql,public,alpha_risk_config,5,max_order_per_min,integer,true,true,false,false,NAME_AND_TYPE_INFERRED_E2_REQUIRED,NON_SECRET_METADATA,,false,NOT_TIME_BEARING,NOT_APPLICABLE,NOT_APPLICABLE
trading_system_postgresql,public,alpha_risk_config,6,max_drawdown_limit,double precision,true,true,false,false,NAME_AND_TYPE_INFERRED_E2_REQUIRED,NON_SECRET_METADATA,,false,NOT_TIME_BEARING,NOT_APPLICABLE,NOT_APPLICABLE
trading_system_postgresql,public,alpha_risk_config,7,max_daily_loss,double precision,true,true,false,false,NAME_AND_TYPE_INFERRED_E2_REQUIRED,NON_SECRET_METADATA,,false,NOT_TIME_BEARING,NOT_APPLICABLE,NOT_APPLICABLE
trading_system_postgresql,public,alpha_risk_config,8,allowed_order_types,text[],true,true,false,false,NAME_AND_TYPE_INFERRED_E2_REQUIRED,NON_SECRET_METADATA,,false,NOT_TIME_BEARING,NOT_APPLICABLE,NOT_APPLICABLE
trading_system_postgresql,public,alpha_risk_config,9,is_active,boolean,true,true,false,false,NAME_AND_TYPE_INFERRED_E2_REQUIRED,NON_SECRET_METADATA,,false,NOT_TIME_BEARING,NOT_APPLICABLE,NOT_APPLICABLE
trading_system_postgresql,public,alpha_risk_config,10,update_time,timestamp with time zone,true,true,false,false,NAME_AND_TYPE_INFERRED_E2_REQUIRED,NON_SECRET_METADATA,,true,TIMESTAMPTZ_DB_DECLARED,DATABASE_TIMESTAMP_PRECISION,OFFSET_AWARE_DATABASE_TYPE
trading_system_postgresql,public,alphas,1,alpha_id,text,false,false,false,false,SCOPE_DIMENSION_NAME_INFERRED_E2_REQUIRED,NON_SECRET_METADATA,strategy,false,NOT_TIME_BEARING,NOT_APPLICABLE,NOT_APPLICABLE
trading_system_postgresql,public,alphas,2,description,text,true,false,false,false,NAME_AND_TYPE_INFERRED_E2_REQUIRED,NON_SECRET_METADATA,,false,NOT_TIME_BEARING,NOT_APPLICABLE,NOT_APPLICABLE
trading_system_postgresql,public,alphas,3,created_at,timestamp with time zone,true,true,false,false,NAME_AND_TYPE_INFERRED_E2_REQUIRED,NON_SECRET_METADATA,,true,TIMESTAMPTZ_DB_DECLARED,DATABASE_TIMESTAMP_PRECISION,OFFSET_AWARE_DATABASE_TYPE
trading_system_postgresql,public,alphas,4,active,boolean,true,true,false,false,NAME_AND_TYPE_INFERRED_E2_REQUIRED,NON_SECRET_METADATA,,false,NOT_TIME_BEARING,NOT_APPLICABLE,NOT_APPLICABLE
trading_system_postgresql,public,arb_order_packages,1,package_id,text,false,false,false,false,NAME_AND_TYPE_INFERRED_E2_REQUIRED,NON_SECRET_METADATA,,false,NOT_TIME_BEARING,NOT_APPLICABLE,NOT_APPLICABLE
trading_system_postgresql,public,arb_order_packages,2,execution_session_id,text,true,false,false,false,SCOPE_DIMENSION_NAME_INFERRED_E2_REQUIRED,NON_SECRET_METADATA,session,false,NOT_TIME_BEARING,NOT_APPLICABLE,NOT_APPLICABLE
trading_system_postgresql,public,arb_order_packages,3,strategy_id,text,false,false,false,false,SCOPE_DIMENSION_NAME_INFERRED_E2_REQUIRED,NON_SECRET_METADATA,strategy,false,NOT_TIME_BEARING,NOT_APPLICABLE,NOT_APPLICABLE
trading_system_postgresql,public,arb_order_packages,4,account_id,text,false,false,false,false,SCOPE_DIMENSION_NAME_INFERRED_E2_REQUIRED,NON_SECRET_METADATA,account,false,NOT_TIME_BEARING,NOT_APPLICABLE,NOT_APPLICABLE
trading_system_postgresql,public,arb_order_packages,5,mode,text,false,false,false,false,SCOPE_DIMENSION_NAME_INFERRED_E2_REQUIRED,NON_SECRET_METADATA,mode,false,NOT_TIME_BEARING,NOT_APPLICABLE,NOT_APPLICABLE
trading_system_postgresql,public,arb_order_packages,6,venue,text,false,false,false,false,SCOPE_DIMENSION_NAME_INFERRED_E2_REQUIRED,NON_SECRET_METADATA,venue,false,NOT_TIME_BEARING,NOT_APPLICABLE,NOT_APPLICABLE
trading_system_postgresql,public,arb_order_packages,7,package_policy,text,false,true,false,false,NAME_AND_TYPE_INFERRED_E2_REQUIRED,NON_SECRET_METADATA,,false,NOT_TIME_BEARING,NOT_APPLICABLE,NOT_APPLICABLE
trading_system_postgresql,public,arb_order_packages,8,state,text,false,true,false,false,NAME_AND_TYPE_INFERRED_E2_REQUIRED,NON_SECRET_METADATA,,false,NOT_TIME_BEARING,NOT_APPLICABLE,NOT_APPLICABLE
trading_system_postgresql,public,arb_order_packages,9,leg_count,integer,false,true,false,false,NAME_AND_TYPE_INFERRED_E2_REQUIRED,NON_SECRET_METADATA,,false,NOT_TIME_BEARING,NOT_APPLICABLE,NOT_APPLICABLE
trading_system_postgresql,public,arb_order_packages,10,gross_notional,"numeric(30,10)",false,true,false,false,NAME_AND_TYPE_INFERRED_E2_REQUIRED,NON_SECRET_METADATA,,false,NOT_TIME_BEARING,NOT_APPLICABLE,NOT_APPLICABLE
trading_system_postgresql,public,arb_order_packages,11,net_notional,"numeric(30,10)",false,true,false,false,NAME_AND_TYPE_INFERRED_E2_REQUIRED,NON_SECRET_METADATA,,false,NOT_TIME_BEARING,NOT_APPLICABLE,NOT_APPLICABLE
trading_system_postgresql,public,arb_order_packages,12,imbalance_bps,"numeric(30,10)",false,true,false,false,NAME_AND_TYPE_INFERRED_E2_REQUIRED,NON_SECRET_METADATA,,false,NOT_TIME_BEARING,NOT_APPLICABLE,NOT_APPLICABLE
trading_system_postgresql,public,arb_order_packages,13,request_payload,jsonb,false,true,false,false,NAME_AND_TYPE_INFERRED_E2_REQUIRED,MAY_CONTAIN_SENSITIVE_STRUCTURED_DATA,,false,NOT_TIME_BEARING,NOT_APPLICABLE,NOT_APPLICABLE
trading_system_postgresql,public,arb_order_packages,14,planned_orders,jsonb,false,true,false,false,NAME_AND_TYPE_INFERRED_E2_REQUIRED,NON_SECRET_METADATA,,false,NOT_TIME_BEARING,NOT_APPLICABLE,NOT_APPLICABLE
trading_system_postgresql,public,arb_order_packages,15,risk_grant_id,text,true,false,false,false,NAME_AND_TYPE_INFERRED_E2_REQUIRED,NON_SECRET_METADATA,,false,NOT_TIME_BEARING,NOT_APPLICABLE,NOT_APPLICABLE
trading_system_postgresql,public,arb_order_packages,16,bulk_response,jsonb,true,false,false,false,NAME_AND_TYPE_INFERRED_E2_REQUIRED,MAY_CONTAIN_SENSITIVE_STRUCTURED_DATA,,false,NOT_TIME_BEARING,NOT_APPLICABLE,NOT_APPLICABLE
trading_system_postgresql,public,arb_order_packages,17,metadata,jsonb,false,true,false,false,NAME_AND_TYPE_INFERRED_E2_REQUIRED,MAY_CONTAIN_SENSITIVE_STRUCTURED_DATA,,false,NOT_TIME_BEARING,NOT_APPLICABLE,NOT_APPLICABLE
trading_system_postgresql,public,arb_order_packages,18,created_at,timestamp with time zone,false,true,false,false,NAME_AND_TYPE_INFERRED_E2_REQUIRED,NON_SECRET_METADATA,,true,TIMESTAMPTZ_DB_DECLARED,DATABASE_TIMESTAMP_PRECISION,OFFSET_AWARE_DATABASE_TYPE
trading_system_postgresql,public,arb_order_packages,19,updated_at,timestamp with time zone,false,true,false,false,NAME_AND_TYPE_INFERRED_E2_REQUIRED,NON_SECRET_METADATA,,true,TIMESTAMPTZ_DB_DECLARED,DATABASE_TIMESTAMP_PRECISION,OFFSET_AWARE_DATABASE_TYPE
trading_system_postgresql,public,arb_order_packages,20,completed_at,timestamp with time zone,true,false,false,false,NAME_AND_TYPE_INFERRED_E2_REQUIRED,NON_SECRET_METADATA,,true,TIMESTAMPTZ_DB_DECLARED,DATABASE_TIMESTAMP_PRECISION,OFFSET_AWARE_DATABASE_TYPE
trading_system_postgresql,public,audit_log,1,audit_id,uuid,false,true,false,false,NAME_AND_TYPE_INFERRED_E2_REQUIRED,NON_SECRET_METADATA,,false,NOT_TIME_BEARING,NOT_APPLICABLE,NOT_APPLICABLE
trading_system_postgresql,public,audit_log,2,actor,text,false,false,false,false,NAME_AND_TYPE_INFERRED_E2_REQUIRED,NON_SECRET_METADATA,,false,NOT_TIME_BEARING,NOT_APPLICABLE,NOT_APPLICABLE
trading_system_postgresql,public,audit_log,3,action,text,false,false,false,false,NAME_AND_TYPE_INFERRED_E2_REQUIRED,NON_SECRET_METADATA,,false,NOT_TIME_BEARING,NOT_APPLICABLE,NOT_APPLICABLE
trading_system_postgresql,public,audit_log,4,mode,text,true,false,false,false,SCOPE_DIMENSION_NAME_INFERRED_E2_REQUIRED,NON_SECRET_METADATA,mode,false,NOT_TIME_BEARING,NOT_APPLICABLE,NOT_APPLICABLE
trading_system_postgresql,public,audit_log,5,venue,text,true,false,false,false,SCOPE_DIMENSION_NAME_INFERRED_E2_REQUIRED,NON_SECRET_METADATA,venue,false,NOT_TIME_BEARING,NOT_APPLICABLE,NOT_APPLICABLE
trading_system_postgresql,public,audit_log,6,account_id,text,true,false,false,false,SCOPE_DIMENSION_NAME_INFERRED_E2_REQUIRED,NON_SECRET_METADATA,account,false,NOT_TIME_BEARING,NOT_APPLICABLE,NOT_APPLICABLE
trading_system_postgresql,public,audit_log,7,strategy_id,text,true,false,false,false,SCOPE_DIMENSION_NAME_INFERRED_E2_REQUIRED,NON_SECRET_METADATA,strategy,false,NOT_TIME_BEARING,NOT_APPLICABLE,NOT_APPLICABLE
trading_system_postgresql,public,audit_log,8,trace_id,text,true,false,false,false,NAME_AND_TYPE_INFERRED_E2_REQUIRED,NON_SECRET_METADATA,,false,NOT_TIME_BEARING,NOT_APPLICABLE,NOT_APPLICABLE
trading_system_postgresql,public,audit_log,9,payload,jsonb,false,true,false,false,NAME_AND_TYPE_INFERRED_E2_REQUIRED,MAY_CONTAIN_SENSITIVE_STRUCTURED_DATA,,false,NOT_TIME_BEARING,NOT_APPLICABLE,NOT_APPLICABLE
trading_system_postgresql,public,audit_log,10,created_at,timestamp with time zone,false,true,false,false,NAME_AND_TYPE_INFERRED_E2_REQUIRED,NON_SECRET_METADATA,,true,TIMESTAMPTZ_DB_DECLARED,DATABASE_TIMESTAMP_PRECISION,OFFSET_AWARE_DATABASE_TYPE
trading_system_postgresql,public,binance_fills,1,id,bigint,false,true,false,false,NAME_AND_TYPE_INFERRED_E2_REQUIRED,NON_SECRET_METADATA,,false,NOT_TIME_BEARING,NOT_APPLICABLE,NOT_APPLICABLE
trading_system_postgresql,public,binance_fills,2,trade_time,timestamp with time zone,false,false,false,false,NAME_AND_TYPE_INFERRED_E2_REQUIRED,NON_SECRET_METADATA,,true,TIMESTAMPTZ_DB_DECLARED,DATABASE_TIMESTAMP_PRECISION,OFFSET_AWARE_DATABASE_TYPE
trading_system_postgresql,public,binance_fills,3,alpha_id,text,false,false,false,false,SCOPE_DIMENSION_NAME_INFERRED_E2_REQUIRED,NON_SECRET_METADATA,strategy,false,NOT_TIME_BEARING,NOT_APPLICABLE,NOT_APPLICABLE
trading_system_postgresql,public,binance_fills,4,symbol,text,false,false,false,false,SCOPE_DIMENSION_NAME_INFERRED_E2_REQUIRED,NON_SECRET_METADATA,instrument,false,NOT_TIME_BEARING,NOT_APPLICABLE,NOT_APPLICABLE
trading_system_postgresql,public,binance_fills,5,trade_id,bigint,false,false,false,false,NAME_AND_TYPE_INFERRED_E2_REQUIRED,NON_SECRET_METADATA,,false,NOT_TIME_BEARING,NOT_APPLICABLE,NOT_APPLICABLE
trading_system_postgresql,public,binance_fills,6,binance_order_id,bigint,false,false,false,false,NAME_AND_TYPE_INFERRED_E2_REQUIRED,NON_SECRET_METADATA,,false,NOT_TIME_BEARING,NOT_APPLICABLE,NOT_APPLICABLE
trading_system_postgresql,public,binance_fills,7,side,text,false,false,false,false,NAME_AND_TYPE_INFERRED_E2_REQUIRED,NON_SECRET_METADATA,,false,NOT_TIME_BEARING,NOT_APPLICABLE,NOT_APPLICABLE
trading_system_postgresql,public,binance_fills,8,price,double precision,false,false,false,false,NAME_AND_TYPE_INFERRED_E2_REQUIRED,NON_SECRET_METADATA,,false,NOT_TIME_BEARING,NOT_APPLICABLE,NOT_APPLICABLE
trading_system_postgresql,public,binance_fills,9,qty,double precision,false,false,false,false,NAME_AND_TYPE_INFERRED_E2_REQUIRED,NON_SECRET_METADATA,,false,NOT_TIME_BEARING,NOT_APPLICABLE,NOT_APPLICABLE
trading_system_postgresql,public,binance_fills,10,commission,double precision,true,true,false,false,NAME_AND_TYPE_INFERRED_E2_REQUIRED,NON_SECRET_METADATA,,false,NOT_TIME_BEARING,NOT_APPLICABLE,NOT_APPLICABLE
trading_system_postgresql,public,binance_fills,11,commission_asset,text,true,true,false,false,NAME_AND_TYPE_INFERRED_E2_REQUIRED,NON_SECRET_METADATA,,false,NOT_TIME_BEARING,NOT_APPLICABLE,NOT_APPLICABLE
trading_system_postgresql,public,binance_fills,12,realized_pnl,double precision,true,true,false,false,NAME_AND_TYPE_INFERRED_E2_REQUIRED,NON_SECRET_METADATA,,false,NOT_TIME_BEARING,NOT_APPLICABLE,NOT_APPLICABLE
trading_system_postgresql,public,binance_fills,13,mode,text,true,true,false,false,SCOPE_DIMENSION_NAME_INFERRED_E2_REQUIRED,NON_SECRET_METADATA,mode,false,NOT_TIME_BEARING,NOT_APPLICABLE,NOT_APPLICABLE
trading_system_postgresql,public,binance_fills,14,venue,text,true,true,false,false,SCOPE_DIMENSION_NAME_INFERRED_E2_REQUIRED,NON_SECRET_METADATA,venue,false,NOT_TIME_BEARING,NOT_APPLICABLE,NOT_APPLICABLE
trading_system_postgresql,public,binance_fills,15,account_id,text,true,false,false,false,SCOPE_DIMENSION_NAME_INFERRED_E2_REQUIRED,NON_SECRET_METADATA,account,false,NOT_TIME_BEARING,NOT_APPLICABLE,NOT_APPLICABLE
trading_system_postgresql,public,broker_account_sync_current_state,1,external_account_ref,text,false,false,false,false,NAME_AND_TYPE_INFERRED_E2_REQUIRED,NON_SECRET_METADATA,,false,NOT_TIME_BEARING,NOT_APPLICABLE,NOT_APPLICABLE
trading_system_postgresql,public,broker_account_sync_current_state,2,mode,text,false,false,false,false,SCOPE_DIMENSION_NAME_INFERRED_E2_REQUIRED,NON_SECRET_METADATA,mode,false,NOT_TIME_BEARING,NOT_APPLICABLE,NOT_APPLICABLE
trading_system_postgresql,public,broker_account_sync_current_state,3,venue,text,false,false,false,false,SCOPE_DIMENSION_NAME_INFERRED_E2_REQUIRED,NON_SECRET_METADATA,venue,false,NOT_TIME_BEARING,NOT_APPLICABLE,NOT_APPLICABLE
trading_system_postgresql,public,broker_account_sync_current_state,4,sync_id,text,false,false,false,false,NAME_AND_TYPE_INFERRED_E2_REQUIRED,NON_SECRET_METADATA,,false,NOT_TIME_BEARING,NOT_APPLICABLE,NOT_APPLICABLE
trading_system_postgresql,public,broker_account_sync_current_state,5,source,text,false,false,false,false,NAME_AND_TYPE_INFERRED_E2_REQUIRED,NON_SECRET_METADATA,,false,NOT_TIME_BEARING,NOT_APPLICABLE,NOT_APPLICABLE
trading_system_postgresql,public,broker_account_sync_current_state,6,status,text,false,false,false,false,NAME_AND_TYPE_INFERRED_E2_REQUIRED,NON_SECRET_METADATA,,false,NOT_TIME_BEARING,NOT_APPLICABLE,NOT_APPLICABLE
trading_system_postgresql,public,broker_account_sync_current_state,7,state_digest,text,false,false,false,false,NAME_AND_TYPE_INFERRED_E2_REQUIRED,NON_SECRET_METADATA,,false,NOT_TIME_BEARING,NOT_APPLICABLE,NOT_APPLICABLE
trading_system_postgresql,public,broker_account_sync_current_state,8,balances,jsonb,false,true,false,false,NAME_AND_TYPE_INFERRED_E2_REQUIRED,NON_SECRET_METADATA,,false,NOT_TIME_BEARING,NOT_APPLICABLE,NOT_APPLICABLE
trading_system_postgresql,public,broker_account_sync_current_state,9,positions,jsonb,false,true,false,false,NAME_AND_TYPE_INFERRED_E2_REQUIRED,NON_SECRET_METADATA,,false,NOT_TIME_BEARING,NOT_APPLICABLE,NOT_APPLICABLE
trading_system_postgresql,public,broker_account_sync_current_state,10,open_orders,jsonb,false,true,false,false,NAME_AND_TYPE_INFERRED_E2_REQUIRED,NON_SECRET_METADATA,,false,NOT_TIME_BEARING,NOT_APPLICABLE,NOT_APPLICABLE
trading_system_postgresql,public,broker_account_sync_current_state,11,buying_power,"numeric(38,18)",true,false,false,false,NAME_AND_TYPE_INFERRED_E2_REQUIRED,NON_SECRET_METADATA,,false,NOT_TIME_BEARING,NOT_APPLICABLE,NOT_APPLICABLE
trading_system_postgresql,public,broker_account_sync_current_state,12,currency,text,true,false,false,false,NAME_AND_TYPE_INFERRED_E2_REQUIRED,NON_SECRET_METADATA,,false,NOT_TIME_BEARING,NOT_APPLICABLE,NOT_APPLICABLE
trading_system_postgresql,public,broker_account_sync_current_state,13,raw,jsonb,false,true,false,false,NAME_AND_TYPE_INFERRED_E2_REQUIRED,NON_SECRET_METADATA,,false,NOT_TIME_BEARING,NOT_APPLICABLE,NOT_APPLICABLE
trading_system_postgresql,public,broker_account_sync_current_state,14,synced_at,timestamp with time zone,false,false,false,false,NAME_AND_TYPE_INFERRED_E2_REQUIRED,NON_SECRET_METADATA,,true,TIMESTAMPTZ_DB_DECLARED,DATABASE_TIMESTAMP_PRECISION,OFFSET_AWARE_DATABASE_TYPE
trading_system_postgresql,public,broker_account_sync_current_state,15,first_seen_at,timestamp with time zone,false,true,false,false,NAME_AND_TYPE_INFERRED_E2_REQUIRED,NON_SECRET_METADATA,,true,TIMESTAMPTZ_DB_DECLARED,DATABASE_TIMESTAMP_PRECISION,OFFSET_AWARE_DATABASE_TYPE
trading_system_postgresql,public,broker_account_sync_current_state,16,updated_at,timestamp with time zone,false,true,false,false,NAME_AND_TYPE_INFERRED_E2_REQUIRED,NON_SECRET_METADATA,,true,TIMESTAMPTZ_DB_DECLARED,DATABASE_TIMESTAMP_PRECISION,OFFSET_AWARE_DATABASE_TYPE
trading_system_postgresql,public,broker_account_sync_current_state,17,execution_state,jsonb,false,true,false,false,NAME_AND_TYPE_INFERRED_E2_REQUIRED,NON_SECRET_METADATA,,false,NOT_TIME_BEARING,NOT_APPLICABLE,NOT_APPLICABLE
trading_system_postgresql,public,broker_account_sync_current_state,18,valuation_digest,text,true,false,false,false,NAME_AND_TYPE_INFERRED_E2_REQUIRED,NON_SECRET_METADATA,,false,NOT_TIME_BEARING,NOT_APPLICABLE,NOT_APPLICABLE
trading_system_postgresql,public,broker_account_sync_current_state,19,raw_checksum,text,true,false,false,false,NAME_AND_TYPE_INFERRED_E2_REQUIRED,NON_SECRET_METADATA,,false,NOT_TIME_BEARING,NOT_APPLICABLE,NOT_APPLICABLE
trading_system_postgresql,public,broker_account_sync_effective,1,sync_id,text,true,false,false,false,NAME_AND_TYPE_INFERRED_E2_REQUIRED,NON_SECRET_METADATA,,false,NOT_TIME_BEARING,NOT_APPLICABLE,NOT_APPLICABLE
trading_system_postgresql,public,broker_account_sync_effective,2,external_account_ref,text,true,false,false,false,NAME_AND_TYPE_INFERRED_E2_REQUIRED,NON_SECRET_METADATA,,false,NOT_TIME_BEARING,NOT_APPLICABLE,NOT_APPLICABLE
trading_system_postgresql,public,broker_account_sync_effective,3,mode,text,true,false,false,false,SCOPE_DIMENSION_NAME_INFERRED_E2_REQUIRED,NON_SECRET_METADATA,mode,false,NOT_TIME_BEARING,NOT_APPLICABLE,NOT_APPLICABLE
trading_system_postgresql,public,broker_account_sync_effective,4,venue,text,true,false,false,false,SCOPE_DIMENSION_NAME_INFERRED_E2_REQUIRED,NON_SECRET_METADATA,venue,false,NOT_TIME_BEARING,NOT_APPLICABLE,NOT_APPLICABLE
trading_system_postgresql,public,broker_account_sync_effective,5,source,text,true,false,false,false,NAME_AND_TYPE_INFERRED_E2_REQUIRED,NON_SECRET_METADATA,,false,NOT_TIME_BEARING,NOT_APPLICABLE,NOT_APPLICABLE
trading_system_postgresql,public,broker_account_sync_effective,6,status,text,true,false,false,false,NAME_AND_TYPE_INFERRED_E2_REQUIRED,NON_SECRET_METADATA,,false,NOT_TIME_BEARING,NOT_APPLICABLE,NOT_APPLICABLE
trading_system_postgresql,public,broker_account_sync_effective,7,balances,jsonb,true,false,false,false,NAME_AND_TYPE_INFERRED_E2_REQUIRED,NON_SECRET_METADATA,,false,NOT_TIME_BEARING,NOT_APPLICABLE,NOT_APPLICABLE
trading_system_postgresql,public,broker_account_sync_effective,8,positions,jsonb,true,false,false,false,NAME_AND_TYPE_INFERRED_E2_REQUIRED,NON_SECRET_METADATA,,false,NOT_TIME_BEARING,NOT_APPLICABLE,NOT_APPLICABLE
trading_system_postgresql,public,broker_account_sync_effective,9,open_orders,jsonb,true,false,false,false,NAME_AND_TYPE_INFERRED_E2_REQUIRED,NON_SECRET_METADATA,,false,NOT_TIME_BEARING,NOT_APPLICABLE,NOT_APPLICABLE
trading_system_postgresql,public,broker_account_sync_effective,10,buying_power,"numeric(38,18)",true,false,false,false,NAME_AND_TYPE_INFERRED_E2_REQUIRED,NON_SECRET_METADATA,,false,NOT_TIME_BEARING,NOT_APPLICABLE,NOT_APPLICABLE
trading_system_postgresql,public,broker_account_sync_effective,11,currency,text,true,false,false,false,NAME_AND_TYPE_INFERRED_E2_REQUIRED,NON_SECRET_METADATA,,false,NOT_TIME_BEARING,NOT_APPLICABLE,NOT_APPLICABLE
trading_system_postgresql,public,broker_account_sync_effective,12,raw,jsonb,true,false,false,false,NAME_AND_TYPE_INFERRED_E2_REQUIRED,NON_SECRET_METADATA,,false,NOT_TIME_BEARING,NOT_APPLICABLE,NOT_APPLICABLE
trading_system_postgresql,public,broker_account_sync_effective,13,synced_at,timestamp with time zone,true,false,false,false,NAME_AND_TYPE_INFERRED_E2_REQUIRED,NON_SECRET_METADATA,,true,TIMESTAMPTZ_DB_DECLARED,DATABASE_TIMESTAMP_PRECISION,OFFSET_AWARE_DATABASE_TYPE
trading_system_postgresql,public,broker_account_sync_effective,14,created_at,timestamp with time zone,true,false,false,false,NAME_AND_TYPE_INFERRED_E2_REQUIRED,NON_SECRET_METADATA,,true,TIMESTAMPTZ_DB_DECLARED,DATABASE_TIMESTAMP_PRECISION,OFFSET_AWARE_DATABASE_TYPE
trading_system_postgresql,public,broker_account_sync_snapshots,1,sync_id,text,false,true,false,false,NAME_AND_TYPE_INFERRED_E2_REQUIRED,NON_SECRET_METADATA,,false,NOT_TIME_BEARING,NOT_APPLICABLE,NOT_APPLICABLE
trading_system_postgresql,public,broker_account_sync_snapshots,2,external_account_ref,text,false,false,false,false,NAME_AND_TYPE_INFERRED_E2_REQUIRED,NON_SECRET_METADATA,,false,NOT_TIME_BEARING,NOT_APPLICABLE,NOT_APPLICABLE
trading_system_postgresql,public,broker_account_sync_snapshots,3,mode,text,false,false,false,false,SCOPE_DIMENSION_NAME_INFERRED_E2_REQUIRED,NON_SECRET_METADATA,mode,false,NOT_TIME_BEARING,NOT_APPLICABLE,NOT_APPLICABLE
trading_system_postgresql,public,broker_account_sync_snapshots,4,venue,text,false,false,false,false,SCOPE_DIMENSION_NAME_INFERRED_E2_REQUIRED,NON_SECRET_METADATA,venue,false,NOT_TIME_BEARING,NOT_APPLICABLE,NOT_APPLICABLE
trading_system_postgresql,public,broker_account_sync_snapshots,5,source,text,false,false,false,false,NAME_AND_TYPE_INFERRED_E2_REQUIRED,NON_SECRET_METADATA,,false,NOT_TIME_BEARING,NOT_APPLICABLE,NOT_APPLICABLE
trading_system_postgresql,public,broker_account_sync_snapshots,6,status,text,false,true,false,false,NAME_AND_TYPE_INFERRED_E2_REQUIRED,NON_SECRET_METADATA,,false,NOT_TIME_BEARING,NOT_APPLICABLE,NOT_APPLICABLE
trading_system_postgresql,public,broker_account_sync_snapshots,7,balances,jsonb,false,true,false,false,NAME_AND_TYPE_INFERRED_E2_REQUIRED,NON_SECRET_METADATA,,false,NOT_TIME_BEARING,NOT_APPLICABLE,NOT_APPLICABLE
trading_system_postgresql,public,broker_account_sync_snapshots,8,positions,jsonb,false,true,false,false,NAME_AND_TYPE_INFERRED_E2_REQUIRED,NON_SECRET_METADATA,,false,NOT_TIME_BEARING,NOT_APPLICABLE,NOT_APPLICABLE
trading_system_postgresql,public,broker_account_sync_snapshots,9,open_orders,jsonb,false,true,false,false,NAME_AND_TYPE_INFERRED_E2_REQUIRED,NON_SECRET_METADATA,,false,NOT_TIME_BEARING,NOT_APPLICABLE,NOT_APPLICABLE
trading_system_postgresql,public,broker_account_sync_snapshots,10,buying_power,"numeric(38,18)",true,false,false,false,NAME_AND_TYPE_INFERRED_E2_REQUIRED,NON_SECRET_METADATA,,false,NOT_TIME_BEARING,NOT_APPLICABLE,NOT_APPLICABLE
trading_system_postgresql,public,broker_account_sync_snapshots,11,currency,text,true,false,false,false,NAME_AND_TYPE_INFERRED_E2_REQUIRED,NON_SECRET_METADATA,,false,NOT_TIME_BEARING,NOT_APPLICABLE,NOT_APPLICABLE
trading_system_postgresql,public,broker_account_sync_snapshots,12,raw,jsonb,false,true,false,false,NAME_AND_TYPE_INFERRED_E2_REQUIRED,NON_SECRET_METADATA,,false,NOT_TIME_BEARING,NOT_APPLICABLE,NOT_APPLICABLE
trading_system_postgresql,public,broker_account_sync_snapshots,13,synced_at,timestamp with time zone,false,true,false,false,NAME_AND_TYPE_INFERRED_E2_REQUIRED,NON_SECRET_METADATA,,true,TIMESTAMPTZ_DB_DECLARED,DATABASE_TIMESTAMP_PRECISION,OFFSET_AWARE_DATABASE_TYPE
trading_system_postgresql,public,broker_account_sync_snapshots,14,created_at,timestamp with time zone,false,true,false,false,NAME_AND_TYPE_INFERRED_E2_REQUIRED,NON_SECRET_METADATA,,true,TIMESTAMPTZ_DB_DECLARED,DATABASE_TIMESTAMP_PRECISION,OFFSET_AWARE_DATABASE_TYPE
trading_system_postgresql,public,broker_account_sync_snapshots,15,execution_state_digest,text,true,false,false,false,NAME_AND_TYPE_INFERRED_E2_REQUIRED,NON_SECRET_METADATA,,false,NOT_TIME_BEARING,NOT_APPLICABLE,NOT_APPLICABLE
trading_system_postgresql,public,broker_account_sync_snapshots,16,raw_checksum,text,true,false,false,false,NAME_AND_TYPE_INFERRED_E2_REQUIRED,NON_SECRET_METADATA,,false,NOT_TIME_BEARING,NOT_APPLICABLE,NOT_APPLICABLE
trading_system_postgresql,public,broker_account_sync_snapshots,17,archive_state,text,false,true,false,false,NAME_AND_TYPE_INFERRED_E2_REQUIRED,NON_SECRET_METADATA,,false,NOT_TIME_BEARING,NOT_APPLICABLE,NOT_APPLICABLE
trading_system_postgresql,public,broker_account_sync_snapshots,18,archive_manifest_id,uuid,true,false,false,false,NAME_AND_TYPE_INFERRED_E2_REQUIRED,NON_SECRET_METADATA,,false,NOT_TIME_BEARING,NOT_APPLICABLE,NOT_APPLICABLE
trading_system_postgresql,public,broker_account_sync_snapshots,19,archived_at,timestamp with time zone,true,false,false,false,NAME_AND_TYPE_INFERRED_E2_REQUIRED,NON_SECRET_METADATA,,true,TIMESTAMPTZ_DB_DECLARED,DATABASE_TIMESTAMP_PRECISION,OFFSET_AWARE_DATABASE_TYPE
trading_system_postgresql,public,broker_sync_raw_hot,1,sync_id,text,false,false,false,false,NAME_AND_TYPE_INFERRED_E2_REQUIRED,NON_SECRET_METADATA,,false,NOT_TIME_BEARING,NOT_APPLICABLE,NOT_APPLICABLE
trading_system_postgresql,public,broker_sync_raw_hot,2,observed_at,timestamp with time zone,false,false,false,false,NAME_AND_TYPE_INFERRED_E2_REQUIRED,NON_SECRET_METADATA,,true,TIMESTAMPTZ_DB_DECLARED,DATABASE_TIMESTAMP_PRECISION,OFFSET_AWARE_DATABASE_TYPE
trading_system_postgresql,public,broker_sync_raw_hot,3,scope_type,text,false,false,false,false,NAME_AND_TYPE_INFERRED_E2_REQUIRED,NON_SECRET_METADATA,,false,NOT_TIME_BEARING,NOT_APPLICABLE,NOT_APPLICABLE
trading_system_postgresql,public,broker_sync_raw_hot,4,scope_key,text,false,false,false,false,NAME_AND_TYPE_INFERRED_E2_REQUIRED,NON_SECRET_METADATA,,false,NOT_TIME_BEARING,NOT_APPLICABLE,NOT_APPLICABLE
trading_system_postgresql,public,broker_sync_raw_hot,5,mode,text,false,false,false,false,SCOPE_DIMENSION_NAME_INFERRED_E2_REQUIRED,NON_SECRET_METADATA,mode,false,NOT_TIME_BEARING,NOT_APPLICABLE,NOT_APPLICABLE
trading_system_postgresql,public,broker_sync_raw_hot,6,venue,text,false,false,false,false,SCOPE_DIMENSION_NAME_INFERRED_E2_REQUIRED,NON_SECRET_METADATA,venue,false,NOT_TIME_BEARING,NOT_APPLICABLE,NOT_APPLICABLE
trading_system_postgresql,public,broker_sync_raw_hot,7,status,text,false,false,false,false,NAME_AND_TYPE_INFERRED_E2_REQUIRED,NON_SECRET_METADATA,,false,NOT_TIME_BEARING,NOT_APPLICABLE,NOT_APPLICABLE
trading_system_postgresql,public,broker_sync_raw_hot,8,execution_state_digest,text,false,false,false,false,NAME_AND_TYPE_INFERRED_E2_REQUIRED,NON_SECRET_METADATA,,false,NOT_TIME_BEARING,NOT_APPLICABLE,NOT_APPLICABLE
trading_system_postgresql,public,broker_sync_raw_hot,9,raw_checksum,text,false,false,false,false,NAME_AND_TYPE_INFERRED_E2_REQUIRED,NON_SECRET_METADATA,,false,NOT_TIME_BEARING,NOT_APPLICABLE,NOT_APPLICABLE
trading_system_postgresql,public,broker_sync_raw_hot,10,raw,jsonb,false,true,false,false,NAME_AND_TYPE_INFERRED_E2_REQUIRED,NON_SECRET_METADATA,,false,NOT_TIME_BEARING,NOT_APPLICABLE,NOT_APPLICABLE
trading_system_postgresql,public,broker_sync_state_history,1,history_id,bigint,false,false,false,true,NAME_AND_TYPE_INFERRED_E2_REQUIRED,NON_SECRET_METADATA,,false,NOT_TIME_BEARING,NOT_APPLICABLE,NOT_APPLICABLE
trading_system_postgresql,public,broker_sync_state_history,2,scope_type,text,false,false,false,false,NAME_AND_TYPE_INFERRED_E2_REQUIRED,NON_SECRET_METADATA,,false,NOT_TIME_BEARING,NOT_APPLICABLE,NOT_APPLICABLE
trading_system_postgresql,public,broker_sync_state_history,3,scope_key,text,false,false,false,false,NAME_AND_TYPE_INFERRED_E2_REQUIRED,NON_SECRET_METADATA,,false,NOT_TIME_BEARING,NOT_APPLICABLE,NOT_APPLICABLE
trading_system_postgresql,public,broker_sync_state_history,4,mode,text,false,false,false,false,SCOPE_DIMENSION_NAME_INFERRED_E2_REQUIRED,NON_SECRET_METADATA,mode,false,NOT_TIME_BEARING,NOT_APPLICABLE,NOT_APPLICABLE
trading_system_postgresql,public,broker_sync_state_history,5,venue,text,false,false,false,false,SCOPE_DIMENSION_NAME_INFERRED_E2_REQUIRED,NON_SECRET_METADATA,venue,false,NOT_TIME_BEARING,NOT_APPLICABLE,NOT_APPLICABLE
trading_system_postgresql,public,broker_sync_state_history,6,sync_id,text,false,false,false,false,NAME_AND_TYPE_INFERRED_E2_REQUIRED,NON_SECRET_METADATA,,false,NOT_TIME_BEARING,NOT_APPLICABLE,NOT_APPLICABLE
trading_system_postgresql,public,broker_sync_state_history,7,status,text,false,false,false,false,NAME_AND_TYPE_INFERRED_E2_REQUIRED,NON_SECRET_METADATA,,false,NOT_TIME_BEARING,NOT_APPLICABLE,NOT_APPLICABLE
trading_system_postgresql,public,broker_sync_state_history,8,state_digest,text,false,false,false,false,NAME_AND_TYPE_INFERRED_E2_REQUIRED,NON_SECRET_METADATA,,false,NOT_TIME_BEARING,NOT_APPLICABLE,NOT_APPLICABLE
trading_system_postgresql,public,broker_sync_state_history,9,changed,boolean,false,false,false,false,NAME_AND_TYPE_INFERRED_E2_REQUIRED,NON_SECRET_METADATA,,false,NOT_TIME_BEARING,NOT_APPLICABLE,NOT_APPLICABLE
trading_system_postgresql,public,broker_sync_state_history,10,observed_at,timestamp with time zone,false,true,false,false,NAME_AND_TYPE_INFERRED_E2_REQUIRED,NON_SECRET_METADATA,,true,TIMESTAMPTZ_DB_DECLARED,DATABASE_TIMESTAMP_PRECISION,OFFSET_AWARE_DATABASE_TYPE
trading_system_postgresql,public,broker_sync_state_history,11,details,jsonb,false,true,false,false,NAME_AND_TYPE_INFERRED_E2_REQUIRED,MAY_CONTAIN_SENSITIVE_STRUCTURED_DATA,,false,NOT_TIME_BEARING,NOT_APPLICABLE,NOT_APPLICABLE
trading_system_postgresql,public,broker_sync_valuation_current_state,1,scope_type,text,false,false,false,false,NAME_AND_TYPE_INFERRED_E2_REQUIRED,NON_SECRET_METADATA,,false,NOT_TIME_BEARING,NOT_APPLICABLE,NOT_APPLICABLE
trading_system_postgresql,public,broker_sync_valuation_current_state,2,scope_key,text,false,false,false,false,NAME_AND_TYPE_INFERRED_E2_REQUIRED,NON_SECRET_METADATA,,false,NOT_TIME_BEARING,NOT_APPLICABLE,NOT_APPLICABLE
trading_system_postgresql,public,broker_sync_valuation_current_state,3,mode,text,false,false,false,false,SCOPE_DIMENSION_NAME_INFERRED_E2_REQUIRED,NON_SECRET_METADATA,mode,false,NOT_TIME_BEARING,NOT_APPLICABLE,NOT_APPLICABLE
trading_system_postgresql,public,broker_sync_valuation_current_state,4,venue,text,false,false,false,false,SCOPE_DIMENSION_NAME_INFERRED_E2_REQUIRED,NON_SECRET_METADATA,venue,false,NOT_TIME_BEARING,NOT_APPLICABLE,NOT_APPLICABLE
trading_system_postgresql,public,broker_sync_valuation_current_state,5,sync_id,text,false,false,false,false,NAME_AND_TYPE_INFERRED_E2_REQUIRED,NON_SECRET_METADATA,,false,NOT_TIME_BEARING,NOT_APPLICABLE,NOT_APPLICABLE
trading_system_postgresql,public,broker_sync_valuation_current_state,6,valuation_digest,text,false,false,false,false,NAME_AND_TYPE_INFERRED_E2_REQUIRED,NON_SECRET_METADATA,,false,NOT_TIME_BEARING,NOT_APPLICABLE,NOT_APPLICABLE
trading_system_postgresql,public,broker_sync_valuation_current_state,7,buying_power,"numeric(38,18)",true,false,false,false,NAME_AND_TYPE_INFERRED_E2_REQUIRED,NON_SECRET_METADATA,,false,NOT_TIME_BEARING,NOT_APPLICABLE,NOT_APPLICABLE
trading_system_postgresql,public,broker_sync_valuation_current_state,8,currency,text,true,false,false,false,NAME_AND_TYPE_INFERRED_E2_REQUIRED,NON_SECRET_METADATA,,false,NOT_TIME_BEARING,NOT_APPLICABLE,NOT_APPLICABLE
trading_system_postgresql,public,broker_sync_valuation_current_state,9,valuation_state,jsonb,false,true,false,false,NAME_AND_TYPE_INFERRED_E2_REQUIRED,NON_SECRET_METADATA,,false,NOT_TIME_BEARING,NOT_APPLICABLE,NOT_APPLICABLE
trading_system_postgresql,public,broker_sync_valuation_current_state,10,observed_at,timestamp with time zone,false,false,false,false,NAME_AND_TYPE_INFERRED_E2_REQUIRED,NON_SECRET_METADATA,,true,TIMESTAMPTZ_DB_DECLARED,DATABASE_TIMESTAMP_PRECISION,OFFSET_AWARE_DATABASE_TYPE
trading_system_postgresql,public,broker_sync_valuation_current_state,11,updated_at,timestamp with time zone,false,true,false,false,NAME_AND_TYPE_INFERRED_E2_REQUIRED,NON_SECRET_METADATA,,true,TIMESTAMPTZ_DB_DECLARED,DATABASE_TIMESTAMP_PRECISION,OFFSET_AWARE_DATABASE_TYPE
trading_system_postgresql,public,broker_sync_valuation_history,1,scope_type,text,false,false,false,false,NAME_AND_TYPE_INFERRED_E2_REQUIRED,NON_SECRET_METADATA,,false,NOT_TIME_BEARING,NOT_APPLICABLE,NOT_APPLICABLE
trading_system_postgresql,public,broker_sync_valuation_history,2,scope_key,text,false,false,false,false,NAME_AND_TYPE_INFERRED_E2_REQUIRED,NON_SECRET_METADATA,,false,NOT_TIME_BEARING,NOT_APPLICABLE,NOT_APPLICABLE
trading_system_postgresql,public,broker_sync_valuation_history,3,mode,text,false,false,false,false,SCOPE_DIMENSION_NAME_INFERRED_E2_REQUIRED,NON_SECRET_METADATA,mode,false,NOT_TIME_BEARING,NOT_APPLICABLE,NOT_APPLICABLE
trading_system_postgresql,public,broker_sync_valuation_history,4,venue,text,false,false,false,false,SCOPE_DIMENSION_NAME_INFERRED_E2_REQUIRED,NON_SECRET_METADATA,venue,false,NOT_TIME_BEARING,NOT_APPLICABLE,NOT_APPLICABLE
trading_system_postgresql,public,broker_sync_valuation_history,5,bucket_start,timestamp with time zone,false,false,false,false,NAME_AND_TYPE_INFERRED_E2_REQUIRED,NON_SECRET_METADATA,,true,TIMESTAMPTZ_DB_DECLARED,DATABASE_TIMESTAMP_PRECISION,OFFSET_AWARE_DATABASE_TYPE
trading_system_postgresql,public,broker_sync_valuation_history,6,sync_id,text,false,false,false,false,NAME_AND_TYPE_INFERRED_E2_REQUIRED,NON_SECRET_METADATA,,false,NOT_TIME_BEARING,NOT_APPLICABLE,NOT_APPLICABLE
trading_system_postgresql,public,broker_sync_valuation_history,7,valuation_digest,text,false,false,false,false,NAME_AND_TYPE_INFERRED_E2_REQUIRED,NON_SECRET_METADATA,,false,NOT_TIME_BEARING,NOT_APPLICABLE,NOT_APPLICABLE
trading_system_postgresql,public,broker_sync_valuation_history,8,buying_power,"numeric(38,18)",true,false,false,false,NAME_AND_TYPE_INFERRED_E2_REQUIRED,NON_SECRET_METADATA,,false,NOT_TIME_BEARING,NOT_APPLICABLE,NOT_APPLICABLE
trading_system_postgresql,public,broker_sync_valuation_history,9,currency,text,true,false,false,false,NAME_AND_TYPE_INFERRED_E2_REQUIRED,NON_SECRET_METADATA,,false,NOT_TIME_BEARING,NOT_APPLICABLE,NOT_APPLICABLE
trading_system_postgresql,public,broker_sync_valuation_history,10,valuation_state,jsonb,false,true,false,false,NAME_AND_TYPE_INFERRED_E2_REQUIRED,NON_SECRET_METADATA,,false,NOT_TIME_BEARING,NOT_APPLICABLE,NOT_APPLICABLE
trading_system_postgresql,public,broker_sync_valuation_history,11,observed_at,timestamp with time zone,false,false,false,false,NAME_AND_TYPE_INFERRED_E2_REQUIRED,NON_SECRET_METADATA,,true,TIMESTAMPTZ_DB_DECLARED,DATABASE_TIMESTAMP_PRECISION,OFFSET_AWARE_DATABASE_TYPE
trading_system_postgresql,public,cash_ledger,1,ledger_id,bigint,false,true,false,false,NAME_AND_TYPE_INFERRED_E2_REQUIRED,NON_SECRET_METADATA,,false,NOT_TIME_BEARING,NOT_APPLICABLE,NOT_APPLICABLE
trading_system_postgresql,public,cash_ledger,2,account_id,text,false,false,false,false,SCOPE_DIMENSION_NAME_INFERRED_E2_REQUIRED,NON_SECRET_METADATA,account,false,NOT_TIME_BEARING,NOT_APPLICABLE,NOT_APPLICABLE
trading_system_postgresql,public,cash_ledger,3,strategy_id,text,true,false,false,false,SCOPE_DIMENSION_NAME_INFERRED_E2_REQUIRED,NON_SECRET_METADATA,strategy,false,NOT_TIME_BEARING,NOT_APPLICABLE,NOT_APPLICABLE
trading_system_postgresql,public,cash_ledger,4,mode,text,false,false,false,false,SCOPE_DIMENSION_NAME_INFERRED_E2_REQUIRED,NON_SECRET_METADATA,mode,false,NOT_TIME_BEARING,NOT_APPLICABLE,NOT_APPLICABLE
trading_system_postgresql,public,cash_ledger,5,venue,text,false,false,false,false,SCOPE_DIMENSION_NAME_INFERRED_E2_REQUIRED,NON_SECRET_METADATA,venue,false,NOT_TIME_BEARING,NOT_APPLICABLE,NOT_APPLICABLE
trading_system_postgresql,public,cash_ledger,6,currency,text,false,false,false,false,NAME_AND_TYPE_INFERRED_E2_REQUIRED,NON_SECRET_METADATA,,false,NOT_TIME_BEARING,NOT_APPLICABLE,NOT_APPLICABLE
trading_system_postgresql,public,cash_ledger,7,amount,"numeric(38,18)",false,false,false,false,NAME_AND_TYPE_INFERRED_E2_REQUIRED,NON_SECRET_METADATA,,false,NOT_TIME_BEARING,NOT_APPLICABLE,NOT_APPLICABLE
trading_system_postgresql,public,cash_ledger,8,balance_after,"numeric(38,18)",true,false,false,false,NAME_AND_TYPE_INFERRED_E2_REQUIRED,NON_SECRET_METADATA,,false,NOT_TIME_BEARING,NOT_APPLICABLE,NOT_APPLICABLE
trading_system_postgresql,public,cash_ledger,9,entry_type,text,false,false,false,false,NAME_AND_TYPE_INFERRED_E2_REQUIRED,NON_SECRET_METADATA,,false,NOT_TIME_BEARING,NOT_APPLICABLE,NOT_APPLICABLE
trading_system_postgresql,public,cash_ledger,10,reservation_id,text,true,false,false,false,NAME_AND_TYPE_INFERRED_E2_REQUIRED,NON_SECRET_METADATA,,false,NOT_TIME_BEARING,NOT_APPLICABLE,NOT_APPLICABLE
trading_system_postgresql,public,cash_ledger,11,client_order_id,text,true,false,false,false,NAME_AND_TYPE_INFERRED_E2_REQUIRED,NON_SECRET_METADATA,,false,NOT_TIME_BEARING,NOT_APPLICABLE,NOT_APPLICABLE
trading_system_postgresql,public,cash_ledger,12,instrument_id,text,true,false,false,false,SCOPE_DIMENSION_NAME_INFERRED_E2_REQUIRED,NON_SECRET_METADATA,instrument,false,NOT_TIME_BEARING,NOT_APPLICABLE,NOT_APPLICABLE
trading_system_postgresql,public,cash_ledger,13,reason,text,true,false,false,false,NAME_AND_TYPE_INFERRED_E2_REQUIRED,NON_SECRET_METADATA,,false,NOT_TIME_BEARING,NOT_APPLICABLE,NOT_APPLICABLE
trading_system_postgresql,public,cash_ledger,14,metadata,jsonb,false,true,false,false,NAME_AND_TYPE_INFERRED_E2_REQUIRED,MAY_CONTAIN_SENSITIVE_STRUCTURED_DATA,,false,NOT_TIME_BEARING,NOT_APPLICABLE,NOT_APPLICABLE
trading_system_postgresql,public,cash_ledger,15,created_at,timestamp with time zone,false,true,false,false,NAME_AND_TYPE_INFERRED_E2_REQUIRED,NON_SECRET_METADATA,,true,TIMESTAMPTZ_DB_DECLARED,DATABASE_TIMESTAMP_PRECISION,OFFSET_AWARE_DATABASE_TYPE
trading_system_postgresql,public,command_ack_evidence,1,evidence_id,bigint,false,false,false,true,NAME_AND_TYPE_INFERRED_E2_REQUIRED,NON_SECRET_METADATA,,false,NOT_TIME_BEARING,NOT_APPLICABLE,NOT_APPLICABLE
trading_system_postgresql,public,command_ack_evidence,2,command_id,uuid,false,false,false,false,NAME_AND_TYPE_INFERRED_E2_REQUIRED,NON_SECRET_METADATA,,false,NOT_TIME_BEARING,NOT_APPLICABLE,NOT_APPLICABLE
trading_system_postgresql,public,command_ack_evidence,3,evidence_type,text,false,false,false,false,NAME_AND_TYPE_INFERRED_E2_REQUIRED,NON_SECRET_METADATA,,false,NOT_TIME_BEARING,NOT_APPLICABLE,NOT_APPLICABLE
trading_system_postgresql,public,command_ack_evidence,4,source_stream,text,true,false,false,false,NAME_AND_TYPE_INFERRED_E2_REQUIRED,NON_SECRET_METADATA,,false,NOT_TIME_BEARING,NOT_APPLICABLE,NOT_APPLICABLE
trading_system_postgresql,public,command_ack_evidence,5,source_message_id,text,true,false,false,false,NAME_AND_TYPE_INFERRED_E2_REQUIRED,NON_SECRET_METADATA,,false,NOT_TIME_BEARING,NOT_APPLICABLE,NOT_APPLICABLE
trading_system_postgresql,public,command_ack_evidence,6,source_entity_id,text,true,false,false,false,NAME_AND_TYPE_INFERRED_E2_REQUIRED,NON_SECRET_METADATA,,false,NOT_TIME_BEARING,NOT_APPLICABLE,NOT_APPLICABLE
trading_system_postgresql,public,command_ack_evidence,7,outcome_class,text,false,false,false,false,NAME_AND_TYPE_INFERRED_E2_REQUIRED,NON_SECRET_METADATA,,false,NOT_TIME_BEARING,NOT_APPLICABLE,NOT_APPLICABLE
trading_system_postgresql,public,command_ack_evidence,8,evidence_payload,jsonb,false,true,false,false,NAME_AND_TYPE_INFERRED_E2_REQUIRED,MAY_CONTAIN_SENSITIVE_STRUCTURED_DATA,,false,NOT_TIME_BEARING,NOT_APPLICABLE,NOT_APPLICABLE
trading_system_postgresql,public,command_ack_evidence,9,created_at,timestamp with time zone,false,true,false,false,NAME_AND_TYPE_INFERRED_E2_REQUIRED,NON_SECRET_METADATA,,true,TIMESTAMPTZ_DB_DECLARED,DATABASE_TIMESTAMP_PRECISION,OFFSET_AWARE_DATABASE_TYPE
trading_system_postgresql,public,command_broker_attempts,1,command_id,uuid,false,false,false,false,NAME_AND_TYPE_INFERRED_E2_REQUIRED,NON_SECRET_METADATA,,false,NOT_TIME_BEARING,NOT_APPLICABLE,NOT_APPLICABLE
trading_system_postgresql,public,command_broker_attempts,2,attempt_count,integer,false,true,false,false,NAME_AND_TYPE_INFERRED_E2_REQUIRED,NON_SECRET_METADATA,,false,NOT_TIME_BEARING,NOT_APPLICABLE,NOT_APPLICABLE
trading_system_postgresql,public,command_broker_attempts,3,state,text,false,true,false,false,NAME_AND_TYPE_INFERRED_E2_REQUIRED,NON_SECRET_METADATA,,false,NOT_TIME_BEARING,NOT_APPLICABLE,NOT_APPLICABLE
trading_system_postgresql,public,command_broker_attempts,4,outcome_class,text,true,false,false,false,NAME_AND_TYPE_INFERRED_E2_REQUIRED,NON_SECRET_METADATA,,false,NOT_TIME_BEARING,NOT_APPLICABLE,NOT_APPLICABLE
trading_system_postgresql,public,command_broker_attempts,5,outcome_payload,jsonb,true,false,false,false,NAME_AND_TYPE_INFERRED_E2_REQUIRED,MAY_CONTAIN_SENSITIVE_STRUCTURED_DATA,,false,NOT_TIME_BEARING,NOT_APPLICABLE,NOT_APPLICABLE
trading_system_postgresql,public,command_broker_attempts,6,last_error,text,true,false,false,false,NAME_AND_TYPE_INFERRED_E2_REQUIRED,NON_SECRET_METADATA,,false,NOT_TIME_BEARING,NOT_APPLICABLE,NOT_APPLICABLE
trading_system_postgresql,public,command_broker_attempts,7,first_attempt_at,timestamp with time zone,false,true,false,false,NAME_AND_TYPE_INFERRED_E2_REQUIRED,NON_SECRET_METADATA,,true,TIMESTAMPTZ_DB_DECLARED,DATABASE_TIMESTAMP_PRECISION,OFFSET_AWARE_DATABASE_TYPE
trading_system_postgresql,public,command_broker_attempts,8,last_attempt_at,timestamp with time zone,false,true,false,false,NAME_AND_TYPE_INFERRED_E2_REQUIRED,NON_SECRET_METADATA,,true,TIMESTAMPTZ_DB_DECLARED,DATABASE_TIMESTAMP_PRECISION,OFFSET_AWARE_DATABASE_TYPE
trading_system_postgresql,public,command_broker_attempts,9,resolved_at,timestamp with time zone,true,false,false,false,NAME_AND_TYPE_INFERRED_E2_REQUIRED,NON_SECRET_METADATA,,true,TIMESTAMPTZ_DB_DECLARED,DATABASE_TIMESTAMP_PRECISION,OFFSET_AWARE_DATABASE_TYPE
trading_system_postgresql,public,command_delivery_attempts,1,attempt_id,bigint,false,false,false,true,NAME_AND_TYPE_INFERRED_E2_REQUIRED,NON_SECRET_METADATA,,false,NOT_TIME_BEARING,NOT_APPLICABLE,NOT_APPLICABLE
trading_system_postgresql,public,command_delivery_attempts,2,command_id,uuid,false,false,false,false,NAME_AND_TYPE_INFERRED_E2_REQUIRED,NON_SECRET_METADATA,,false,NOT_TIME_BEARING,NOT_APPLICABLE,NOT_APPLICABLE
trading_system_postgresql,public,command_delivery_attempts,3,outbox_id,bigint,true,false,false,false,NAME_AND_TYPE_INFERRED_E2_REQUIRED,NON_SECRET_METADATA,,false,NOT_TIME_BEARING,NOT_APPLICABLE,NOT_APPLICABLE
trading_system_postgresql,public,command_delivery_attempts,4,attempt_number,integer,false,false,false,false,NAME_AND_TYPE_INFERRED_E2_REQUIRED,NON_SECRET_METADATA,,false,NOT_TIME_BEARING,NOT_APPLICABLE,NOT_APPLICABLE
trading_system_postgresql,public,command_delivery_attempts,5,outcome_class,text,false,false,false,false,NAME_AND_TYPE_INFERRED_E2_REQUIRED,NON_SECRET_METADATA,,false,NOT_TIME_BEARING,NOT_APPLICABLE,NOT_APPLICABLE
trading_system_postgresql,public,command_delivery_attempts,6,transport_message_id,text,true,false,false,false,NAME_AND_TYPE_INFERRED_E2_REQUIRED,NON_SECRET_METADATA,,false,NOT_TIME_BEARING,NOT_APPLICABLE,NOT_APPLICABLE
trading_system_postgresql,public,command_delivery_attempts,7,error_code,text,true,false,false,false,NAME_AND_TYPE_INFERRED_E2_REQUIRED,NON_SECRET_METADATA,,false,NOT_TIME_BEARING,NOT_APPLICABLE,NOT_APPLICABLE
trading_system_postgresql,public,command_delivery_attempts,8,error_detail,text,true,false,false,false,NAME_AND_TYPE_INFERRED_E2_REQUIRED,NON_SECRET_METADATA,,false,NOT_TIME_BEARING,NOT_APPLICABLE,NOT_APPLICABLE
trading_system_postgresql,public,command_delivery_attempts,9,created_at,timestamp with time zone,false,true,false,false,NAME_AND_TYPE_INFERRED_E2_REQUIRED,NON_SECRET_METADATA,,true,TIMESTAMPTZ_DB_DECLARED,DATABASE_TIMESTAMP_PRECISION,OFFSET_AWARE_DATABASE_TYPE
trading_system_postgresql,public,command_dispatch_outbox,1,outbox_id,bigint,false,false,false,true,NAME_AND_TYPE_INFERRED_E2_REQUIRED,NON_SECRET_METADATA,,false,NOT_TIME_BEARING,NOT_APPLICABLE,NOT_APPLICABLE
trading_system_postgresql,public,command_dispatch_outbox,2,command_id,uuid,false,false,false,false,NAME_AND_TYPE_INFERRED_E2_REQUIRED,NON_SECRET_METADATA,,false,NOT_TIME_BEARING,NOT_APPLICABLE,NOT_APPLICABLE
trading_system_postgresql,public,command_dispatch_outbox,3,delivery_stage,text,false,true,false,false,NAME_AND_TYPE_INFERRED_E2_REQUIRED,NON_SECRET_METADATA,,false,NOT_TIME_BEARING,NOT_APPLICABLE,NOT_APPLICABLE
trading_system_postgresql,public,command_dispatch_outbox,4,stream_name,text,false,false,false,false,NAME_AND_TYPE_INFERRED_E2_REQUIRED,IDENTIFIER_OR_PERSONAL_DATA_CANDIDATE,,false,NOT_TIME_BEARING,NOT_APPLICABLE,NOT_APPLICABLE
trading_system_postgresql,public,command_dispatch_outbox,5,stream_fields,jsonb,false,false,false,false,NAME_AND_TYPE_INFERRED_E2_REQUIRED,NON_SECRET_METADATA,,false,NOT_TIME_BEARING,NOT_APPLICABLE,NOT_APPLICABLE
trading_system_postgresql,public,command_dispatch_outbox,6,aggregate_key,text,false,false,false,false,NAME_AND_TYPE_INFERRED_E2_REQUIRED,NON_SECRET_METADATA,,false,NOT_TIME_BEARING,NOT_APPLICABLE,NOT_APPLICABLE
trading_system_postgresql,public,command_dispatch_outbox,7,state,text,false,true,false,false,NAME_AND_TYPE_INFERRED_E2_REQUIRED,NON_SECRET_METADATA,,false,NOT_TIME_BEARING,NOT_APPLICABLE,NOT_APPLICABLE
trading_system_postgresql,public,command_dispatch_outbox,8,attempts,integer,false,true,false,false,NAME_AND_TYPE_INFERRED_E2_REQUIRED,NON_SECRET_METADATA,,false,NOT_TIME_BEARING,NOT_APPLICABLE,NOT_APPLICABLE
trading_system_postgresql,public,command_dispatch_outbox,9,next_attempt_at,timestamp with time zone,false,true,false,false,NAME_AND_TYPE_INFERRED_E2_REQUIRED,NON_SECRET_METADATA,,true,TIMESTAMPTZ_DB_DECLARED,DATABASE_TIMESTAMP_PRECISION,OFFSET_AWARE_DATABASE_TYPE
trading_system_postgresql,public,command_dispatch_outbox,10,lease_owner,text,true,false,false,false,NAME_AND_TYPE_INFERRED_E2_REQUIRED,NON_SECRET_METADATA,,false,NOT_TIME_BEARING,NOT_APPLICABLE,NOT_APPLICABLE
trading_system_postgresql,public,command_dispatch_outbox,11,lease_until,timestamp with time zone,true,false,false,false,NAME_AND_TYPE_INFERRED_E2_REQUIRED,NON_SECRET_METADATA,,true,TIMESTAMPTZ_DB_DECLARED,DATABASE_TIMESTAMP_PRECISION,OFFSET_AWARE_DATABASE_TYPE
trading_system_postgresql,public,command_dispatch_outbox,12,stream_message_id,text,true,false,false,false,NAME_AND_TYPE_INFERRED_E2_REQUIRED,NON_SECRET_METADATA,,false,NOT_TIME_BEARING,NOT_APPLICABLE,NOT_APPLICABLE
trading_system_postgresql,public,command_dispatch_outbox,13,dispatched_at,timestamp with time zone,true,false,false,false,NAME_AND_TYPE_INFERRED_E2_REQUIRED,NON_SECRET_METADATA,,true,TIMESTAMPTZ_DB_DECLARED,DATABASE_TIMESTAMP_PRECISION,OFFSET_AWARE_DATABASE_TYPE
trading_system_postgresql,public,command_dispatch_outbox,14,acknowledged_at,timestamp with time zone,true,false,false,false,NAME_AND_TYPE_INFERRED_E2_REQUIRED,NON_SECRET_METADATA,,true,TIMESTAMPTZ_DB_DECLARED,DATABASE_TIMESTAMP_PRECISION,OFFSET_AWARE_DATABASE_TYPE
trading_system_postgresql,public,command_dispatch_outbox,15,last_error,text,true,false,false,false,NAME_AND_TYPE_INFERRED_E2_REQUIRED,NON_SECRET_METADATA,,false,NOT_TIME_BEARING,NOT_APPLICABLE,NOT_APPLICABLE
trading_system_postgresql,public,command_dispatch_outbox,16,created_at,timestamp with time zone,false,true,false,false,NAME_AND_TYPE_INFERRED_E2_REQUIRED,NON_SECRET_METADATA,,true,TIMESTAMPTZ_DB_DECLARED,DATABASE_TIMESTAMP_PRECISION,OFFSET_AWARE_DATABASE_TYPE
trading_system_postgresql,public,command_dispatch_outbox,17,updated_at,timestamp with time zone,false,true,false,false,NAME_AND_TYPE_INFERRED_E2_REQUIRED,NON_SECRET_METADATA,,true,TIMESTAMPTZ_DB_DECLARED,DATABASE_TIMESTAMP_PRECISION,OFFSET_AWARE_DATABASE_TYPE
trading_system_postgresql,public,command_journal,1,command_id,uuid,false,true,false,false,NAME_AND_TYPE_INFERRED_E2_REQUIRED,NON_SECRET_METADATA,,false,NOT_TIME_BEARING,NOT_APPLICABLE,NOT_APPLICABLE
trading_system_postgresql,public,command_journal,2,command_kind,text,false,false,false,false,NAME_AND_TYPE_INFERRED_E2_REQUIRED,NON_SECRET_METADATA,,false,NOT_TIME_BEARING,NOT_APPLICABLE,NOT_APPLICABLE
trading_system_postgresql,public,command_journal,3,idempotency_scope,text,false,false,false,false,NAME_AND_TYPE_INFERRED_E2_REQUIRED,NON_SECRET_METADATA,,false,NOT_TIME_BEARING,NOT_APPLICABLE,NOT_APPLICABLE
trading_system_postgresql,public,command_journal,4,idempotency_key,text,false,false,false,false,NAME_AND_TYPE_INFERRED_E2_REQUIRED,NON_SECRET_METADATA,,false,NOT_TIME_BEARING,NOT_APPLICABLE,NOT_APPLICABLE
trading_system_postgresql,public,command_journal,5,payload_hash,text,false,false,false,false,NAME_AND_TYPE_INFERRED_E2_REQUIRED,MAY_CONTAIN_SENSITIVE_STRUCTURED_DATA,,false,NOT_TIME_BEARING,NOT_APPLICABLE,NOT_APPLICABLE
trading_system_postgresql,public,command_journal,6,contract_revision,text,false,true,false,false,NAME_AND_TYPE_INFERRED_E2_REQUIRED,NON_SECRET_METADATA,,false,NOT_TIME_BEARING,NOT_APPLICABLE,NOT_APPLICABLE
trading_system_postgresql,public,command_journal,7,mode,text,false,false,false,false,SCOPE_DIMENSION_NAME_INFERRED_E2_REQUIRED,NON_SECRET_METADATA,mode,false,NOT_TIME_BEARING,NOT_APPLICABLE,NOT_APPLICABLE
trading_system_postgresql,public,command_journal,8,venue,text,false,false,false,false,SCOPE_DIMENSION_NAME_INFERRED_E2_REQUIRED,NON_SECRET_METADATA,venue,false,NOT_TIME_BEARING,NOT_APPLICABLE,NOT_APPLICABLE
trading_system_postgresql,public,command_journal,9,alpha_id,text,false,false,false,false,SCOPE_DIMENSION_NAME_INFERRED_E2_REQUIRED,NON_SECRET_METADATA,strategy,false,NOT_TIME_BEARING,NOT_APPLICABLE,NOT_APPLICABLE
trading_system_postgresql,public,command_journal,10,account_id,text,false,false,false,false,SCOPE_DIMENSION_NAME_INFERRED_E2_REQUIRED,NON_SECRET_METADATA,account,false,NOT_TIME_BEARING,NOT_APPLICABLE,NOT_APPLICABLE
trading_system_postgresql,public,command_journal,11,client_order_id,text,false,false,false,false,NAME_AND_TYPE_INFERRED_E2_REQUIRED,NON_SECRET_METADATA,,false,NOT_TIME_BEARING,NOT_APPLICABLE,NOT_APPLICABLE
trading_system_postgresql,public,command_journal,12,aggregate_key,text,false,false,false,false,NAME_AND_TYPE_INFERRED_E2_REQUIRED,NON_SECRET_METADATA,,false,NOT_TIME_BEARING,NOT_APPLICABLE,NOT_APPLICABLE
trading_system_postgresql,public,command_journal,13,command_payload,jsonb,false,false,false,false,NAME_AND_TYPE_INFERRED_E2_REQUIRED,MAY_CONTAIN_SENSITIVE_STRUCTURED_DATA,,false,NOT_TIME_BEARING,NOT_APPLICABLE,NOT_APPLICABLE
trading_system_postgresql,public,command_journal,14,state,text,false,true,false,false,NAME_AND_TYPE_INFERRED_E2_REQUIRED,NON_SECRET_METADATA,,false,NOT_TIME_BEARING,NOT_APPLICABLE,NOT_APPLICABLE
trading_system_postgresql,public,command_journal,15,outcome_class,text,true,false,false,false,NAME_AND_TYPE_INFERRED_E2_REQUIRED,NON_SECRET_METADATA,,false,NOT_TIME_BEARING,NOT_APPLICABLE,NOT_APPLICABLE
trading_system_postgresql,public,command_journal,16,outcome_payload,jsonb,true,false,false,false,NAME_AND_TYPE_INFERRED_E2_REQUIRED,MAY_CONTAIN_SENSITIVE_STRUCTURED_DATA,,false,NOT_TIME_BEARING,NOT_APPLICABLE,NOT_APPLICABLE
trading_system_postgresql,public,command_journal,17,accepted_at,timestamp with time zone,false,true,false,false,NAME_AND_TYPE_INFERRED_E2_REQUIRED,NON_SECRET_METADATA,,true,TIMESTAMPTZ_DB_DECLARED,DATABASE_TIMESTAMP_PRECISION,OFFSET_AWARE_DATABASE_TYPE
trading_system_postgresql,public,command_journal,18,dispatched_at,timestamp with time zone,true,false,false,false,NAME_AND_TYPE_INFERRED_E2_REQUIRED,NON_SECRET_METADATA,,true,TIMESTAMPTZ_DB_DECLARED,DATABASE_TIMESTAMP_PRECISION,OFFSET_AWARE_DATABASE_TYPE
trading_system_postgresql,public,command_journal,19,acknowledged_at,timestamp with time zone,true,false,false,false,NAME_AND_TYPE_INFERRED_E2_REQUIRED,NON_SECRET_METADATA,,true,TIMESTAMPTZ_DB_DECLARED,DATABASE_TIMESTAMP_PRECISION,OFFSET_AWARE_DATABASE_TYPE
trading_system_postgresql,public,command_journal,20,terminal_at,timestamp with time zone,true,false,false,false,NAME_AND_TYPE_INFERRED_E2_REQUIRED,NON_SECRET_METADATA,,true,TIMESTAMPTZ_DB_DECLARED,DATABASE_TIMESTAMP_PRECISION,OFFSET_AWARE_DATABASE_TYPE
trading_system_postgresql,public,command_journal,21,updated_at,timestamp with time zone,false,true,false,false,NAME_AND_TYPE_INFERRED_E2_REQUIRED,NON_SECRET_METADATA,,true,TIMESTAMPTZ_DB_DECLARED,DATABASE_TIMESTAMP_PRECISION,OFFSET_AWARE_DATABASE_TYPE
trading_system_postgresql,public,command_journal,22,engine_version,text,false,true,false,false,NAME_AND_TYPE_INFERRED_E2_REQUIRED,NON_SECRET_METADATA,,false,NOT_TIME_BEARING,NOT_APPLICABLE,NOT_APPLICABLE
trading_system_postgresql,public,command_journal,23,canonical_contract_version,text,false,true,false,false,NAME_AND_TYPE_INFERRED_E2_REQUIRED,NON_SECRET_METADATA,,false,NOT_TIME_BEARING,NOT_APPLICABLE,NOT_APPLICABLE
trading_system_postgresql,public,command_journal,24,instrument_metadata_version,text,false,true,false,false,NAME_AND_TYPE_INFERRED_E2_REQUIRED,MAY_CONTAIN_SENSITIVE_STRUCTURED_DATA,,false,NOT_TIME_BEARING,NOT_APPLICABLE,NOT_APPLICABLE
trading_system_postgresql,public,command_journal,25,decision_digest,text,true,false,false,false,NAME_AND_TYPE_INFERRED_E2_REQUIRED,NON_SECRET_METADATA,,false,NOT_TIME_BEARING,NOT_APPLICABLE,NOT_APPLICABLE
trading_system_postgresql,public,command_stream_trim_audit,1,audit_id,bigint,false,false,false,true,NAME_AND_TYPE_INFERRED_E2_REQUIRED,NON_SECRET_METADATA,,false,NOT_TIME_BEARING,NOT_APPLICABLE,NOT_APPLICABLE
trading_system_postgresql,public,command_stream_trim_audit,2,stream_name,text,false,false,false,false,NAME_AND_TYPE_INFERRED_E2_REQUIRED,IDENTIFIER_OR_PERSONAL_DATA_CANDIDATE,,false,NOT_TIME_BEARING,NOT_APPLICABLE,NOT_APPLICABLE
trading_system_postgresql,public,command_stream_trim_audit,3,trim_min_id,text,false,false,false,false,NAME_AND_TYPE_INFERRED_E2_REQUIRED,NON_SECRET_METADATA,,false,NOT_TIME_BEARING,NOT_APPLICABLE,NOT_APPLICABLE
trading_system_postgresql,public,command_stream_trim_audit,4,groups_observed,jsonb,false,false,false,false,NAME_AND_TYPE_INFERRED_E2_REQUIRED,NON_SECRET_METADATA,,false,NOT_TIME_BEARING,NOT_APPLICABLE,NOT_APPLICABLE
trading_system_postgresql,public,command_stream_trim_audit,5,entries_before,bigint,true,false,false,false,NAME_AND_TYPE_INFERRED_E2_REQUIRED,NON_SECRET_METADATA,,false,NOT_TIME_BEARING,NOT_APPLICABLE,NOT_APPLICABLE
trading_system_postgresql,public,command_stream_trim_audit,6,entries_after,bigint,true,false,false,false,NAME_AND_TYPE_INFERRED_E2_REQUIRED,NON_SECRET_METADATA,,false,NOT_TIME_BEARING,NOT_APPLICABLE,NOT_APPLICABLE
trading_system_postgresql,public,command_stream_trim_audit,7,authority,text,false,false,false,false,NAME_AND_TYPE_INFERRED_E2_REQUIRED,NON_SECRET_METADATA,,false,NOT_TIME_BEARING,NOT_APPLICABLE,NOT_APPLICABLE
trading_system_postgresql,public,command_stream_trim_audit,8,dry_run,boolean,false,true,false,false,NAME_AND_TYPE_INFERRED_E2_REQUIRED,NON_SECRET_METADATA,,false,NOT_TIME_BEARING,NOT_APPLICABLE,NOT_APPLICABLE
trading_system_postgresql,public,command_stream_trim_audit,9,created_at,timestamp with time zone,false,true,false,false,NAME_AND_TYPE_INFERRED_E2_REQUIRED,NON_SECRET_METADATA,,true,TIMESTAMPTZ_DB_DECLARED,DATABASE_TIMESTAMP_PRECISION,OFFSET_AWARE_DATABASE_TYPE
trading_system_postgresql,public,compatibility_surface_registry,1,surface_id,text,false,false,false,false,NAME_AND_TYPE_INFERRED_E2_REQUIRED,NON_SECRET_METADATA,,false,NOT_TIME_BEARING,NOT_APPLICABLE,NOT_APPLICABLE
trading_system_postgresql,public,compatibility_surface_registry,2,kind,text,false,false,false,false,NAME_AND_TYPE_INFERRED_E2_REQUIRED,NON_SECRET_METADATA,,false,NOT_TIME_BEARING,NOT_APPLICABLE,NOT_APPLICABLE
trading_system_postgresql,public,compatibility_surface_registry,3,locator,text,false,false,false,false,NAME_AND_TYPE_INFERRED_E2_REQUIRED,NON_SECRET_METADATA,,false,NOT_TIME_BEARING,NOT_APPLICABLE,NOT_APPLICABLE
trading_system_postgresql,public,compatibility_surface_registry,4,owner,text,false,false,false,false,NAME_AND_TYPE_INFERRED_E2_REQUIRED,NON_SECRET_METADATA,,false,NOT_TIME_BEARING,NOT_APPLICABLE,NOT_APPLICABLE
trading_system_postgresql,public,compatibility_surface_registry,5,replacement,text,false,false,false,false,NAME_AND_TYPE_INFERRED_E2_REQUIRED,NON_SECRET_METADATA,,false,NOT_TIME_BEARING,NOT_APPLICABLE,NOT_APPLICABLE
trading_system_postgresql,public,compatibility_surface_registry,6,support_state,text,false,false,false,false,NAME_AND_TYPE_INFERRED_E2_REQUIRED,NON_SECRET_METADATA,,false,NOT_TIME_BEARING,NOT_APPLICABLE,NOT_APPLICABLE
trading_system_postgresql,public,compatibility_surface_registry,7,support_window_days,integer,false,true,false,false,NAME_AND_TYPE_INFERRED_E2_REQUIRED,NON_SECRET_METADATA,,false,NOT_TIME_BEARING,NOT_APPLICABLE,NOT_APPLICABLE
trading_system_postgresql,public,compatibility_surface_registry,8,retire_after,timestamp with time zone,true,false,false,false,NAME_AND_TYPE_INFERRED_E2_REQUIRED,NON_SECRET_METADATA,,true,TIMESTAMPTZ_DB_DECLARED,DATABASE_TIMESTAMP_PRECISION,OFFSET_AWARE_DATABASE_TYPE
trading_system_postgresql,public,compatibility_surface_registry,9,owner_approved_at,timestamp with time zone,true,false,false,false,NAME_AND_TYPE_INFERRED_E2_REQUIRED,NON_SECRET_METADATA,,true,TIMESTAMPTZ_DB_DECLARED,DATABASE_TIMESTAMP_PRECISION,OFFSET_AWARE_DATABASE_TYPE
trading_system_postgresql,public,compatibility_surface_registry,10,updated_at,timestamp with time zone,false,true,false,false,NAME_AND_TYPE_INFERRED_E2_REQUIRED,NON_SECRET_METADATA,,true,TIMESTAMPTZ_DB_DECLARED,DATABASE_TIMESTAMP_PRECISION,OFFSET_AWARE_DATABASE_TYPE
trading_system_postgresql,public,compatibility_usage_daily,1,usage_day,date,false,false,false,false,NAME_AND_TYPE_INFERRED_E2_REQUIRED,NON_SECRET_METADATA,,true,DATE_ONLY_DB_DECLARED,DAY,DATE_WITHOUT_TIME_ZONE
trading_system_postgresql,public,compatibility_usage_daily,2,surface_id,text,false,false,false,false,NAME_AND_TYPE_INFERRED_E2_REQUIRED,NON_SECRET_METADATA,,false,NOT_TIME_BEARING,NOT_APPLICABLE,NOT_APPLICABLE
trading_system_postgresql,public,compatibility_usage_daily,3,consumer,text,false,false,false,false,NAME_AND_TYPE_INFERRED_E2_REQUIRED,NON_SECRET_METADATA,,false,NOT_TIME_BEARING,NOT_APPLICABLE,NOT_APPLICABLE
trading_system_postgresql,public,compatibility_usage_daily,4,operation,text,false,false,false,false,NAME_AND_TYPE_INFERRED_E2_REQUIRED,NON_SECRET_METADATA,,false,NOT_TIME_BEARING,NOT_APPLICABLE,NOT_APPLICABLE
trading_system_postgresql,public,compatibility_usage_daily,5,usage_count,bigint,false,false,false,false,NAME_AND_TYPE_INFERRED_E2_REQUIRED,NON_SECRET_METADATA,,false,NOT_TIME_BEARING,NOT_APPLICABLE,NOT_APPLICABLE
trading_system_postgresql,public,compatibility_usage_daily,6,first_seen_at,timestamp with time zone,false,false,false,false,NAME_AND_TYPE_INFERRED_E2_REQUIRED,NON_SECRET_METADATA,,true,TIMESTAMPTZ_DB_DECLARED,DATABASE_TIMESTAMP_PRECISION,OFFSET_AWARE_DATABASE_TYPE
trading_system_postgresql,public,compatibility_usage_daily,7,last_seen_at,timestamp with time zone,false,false,false,false,NAME_AND_TYPE_INFERRED_E2_REQUIRED,NON_SECRET_METADATA,,true,TIMESTAMPTZ_DB_DECLARED,DATABASE_TIMESTAMP_PRECISION,OFFSET_AWARE_DATABASE_TYPE
trading_system_postgresql,public,compatibility_usage_daily,8,imported_at,timestamp with time zone,false,true,false,false,NAME_AND_TYPE_INFERRED_E2_REQUIRED,NON_SECRET_METADATA,,true,TIMESTAMPTZ_DB_DECLARED,DATABASE_TIMESTAMP_PRECISION,OFFSET_AWARE_DATABASE_TYPE
trading_system_postgresql,public,conditional_order_group_legs,1,group_id,text,false,false,false,false,NAME_AND_TYPE_INFERRED_E2_REQUIRED,NON_SECRET_METADATA,,false,NOT_TIME_BEARING,NOT_APPLICABLE,NOT_APPLICABLE
trading_system_postgresql,public,conditional_order_group_legs,2,leg_id,text,false,false,false,false,NAME_AND_TYPE_INFERRED_E2_REQUIRED,NON_SECRET_METADATA,,false,NOT_TIME_BEARING,NOT_APPLICABLE,NOT_APPLICABLE
trading_system_postgresql,public,conditional_order_group_legs,3,parent_leg_id,text,true,false,false,false,NAME_AND_TYPE_INFERRED_E2_REQUIRED,NON_SECRET_METADATA,,false,NOT_TIME_BEARING,NOT_APPLICABLE,NOT_APPLICABLE
trading_system_postgresql,public,conditional_order_group_legs,4,role,text,false,true,false,false,NAME_AND_TYPE_INFERRED_E2_REQUIRED,NON_SECRET_METADATA,,false,NOT_TIME_BEARING,NOT_APPLICABLE,NOT_APPLICABLE
trading_system_postgresql,public,conditional_order_group_legs,5,sequence,integer,false,true,false,false,NAME_AND_TYPE_INFERRED_E2_REQUIRED,NON_SECRET_METADATA,,false,NOT_TIME_BEARING,NOT_APPLICABLE,NOT_APPLICABLE
trading_system_postgresql,public,conditional_order_group_legs,6,client_order_id,text,false,false,false,false,NAME_AND_TYPE_INFERRED_E2_REQUIRED,NON_SECRET_METADATA,,false,NOT_TIME_BEARING,NOT_APPLICABLE,NOT_APPLICABLE
trading_system_postgresql,public,conditional_order_group_legs,7,venue_order_id,text,true,false,false,false,NAME_AND_TYPE_INFERRED_E2_REQUIRED,NON_SECRET_METADATA,,false,NOT_TIME_BEARING,NOT_APPLICABLE,NOT_APPLICABLE
trading_system_postgresql,public,conditional_order_group_legs,8,side,text,false,false,false,false,NAME_AND_TYPE_INFERRED_E2_REQUIRED,NON_SECRET_METADATA,,false,NOT_TIME_BEARING,NOT_APPLICABLE,NOT_APPLICABLE
trading_system_postgresql,public,conditional_order_group_legs,9,position_side,text,false,true,false,false,NAME_AND_TYPE_INFERRED_E2_REQUIRED,NON_SECRET_METADATA,,false,NOT_TIME_BEARING,NOT_APPLICABLE,NOT_APPLICABLE
trading_system_postgresql,public,conditional_order_group_legs,10,order_type,text,false,false,false,false,NAME_AND_TYPE_INFERRED_E2_REQUIRED,NON_SECRET_METADATA,,false,NOT_TIME_BEARING,NOT_APPLICABLE,NOT_APPLICABLE
trading_system_postgresql,public,conditional_order_group_legs,11,quantity,numeric,false,false,false,false,NAME_AND_TYPE_INFERRED_E2_REQUIRED,NON_SECRET_METADATA,,false,NOT_TIME_BEARING,NOT_APPLICABLE,NOT_APPLICABLE
trading_system_postgresql,public,conditional_order_group_legs,12,filled_quantity,numeric,false,true,false,false,NAME_AND_TYPE_INFERRED_E2_REQUIRED,NON_SECRET_METADATA,,false,NOT_TIME_BEARING,NOT_APPLICABLE,NOT_APPLICABLE
trading_system_postgresql,public,conditional_order_group_legs,13,price,numeric,true,false,false,false,NAME_AND_TYPE_INFERRED_E2_REQUIRED,NON_SECRET_METADATA,,false,NOT_TIME_BEARING,NOT_APPLICABLE,NOT_APPLICABLE
trading_system_postgresql,public,conditional_order_group_legs,14,trigger_price,numeric,true,false,false,false,NAME_AND_TYPE_INFERRED_E2_REQUIRED,NON_SECRET_METADATA,,false,NOT_TIME_BEARING,NOT_APPLICABLE,NOT_APPLICABLE
trading_system_postgresql,public,conditional_order_group_legs,15,trigger_reference,text,false,true,false,false,NAME_AND_TYPE_INFERRED_E2_REQUIRED,NON_SECRET_METADATA,,false,NOT_TIME_BEARING,NOT_APPLICABLE,NOT_APPLICABLE
trading_system_postgresql,public,conditional_order_group_legs,16,time_in_force,text,false,true,false,false,NAME_AND_TYPE_INFERRED_E2_REQUIRED,NON_SECRET_METADATA,,true,TIME_NAME_UNTYPED_E2_REQUIRED,UNKNOWN,UNKNOWN
trading_system_postgresql,public,conditional_order_group_legs,17,good_till_date,bigint,true,false,false,false,NAME_AND_TYPE_INFERRED_E2_REQUIRED,NON_SECRET_METADATA,,true,TIME_NAME_UNTYPED_E2_REQUIRED,UNKNOWN,UNKNOWN
trading_system_postgresql,public,conditional_order_group_legs,18,reduce_only,boolean,false,true,false,false,NAME_AND_TYPE_INFERRED_E2_REQUIRED,NON_SECRET_METADATA,,false,NOT_TIME_BEARING,NOT_APPLICABLE,NOT_APPLICABLE
trading_system_postgresql,public,conditional_order_group_legs,19,post_only,boolean,false,true,false,false,NAME_AND_TYPE_INFERRED_E2_REQUIRED,NON_SECRET_METADATA,,false,NOT_TIME_BEARING,NOT_APPLICABLE,NOT_APPLICABLE
trading_system_postgresql,public,conditional_order_group_legs,20,state,text,false,true,false,false,NAME_AND_TYPE_INFERRED_E2_REQUIRED,NON_SECRET_METADATA,,false,NOT_TIME_BEARING,NOT_APPLICABLE,NOT_APPLICABLE
trading_system_postgresql,public,conditional_order_group_legs,21,average_fill_price,numeric,true,false,false,false,NAME_AND_TYPE_INFERRED_E2_REQUIRED,NON_SECRET_METADATA,,false,NOT_TIME_BEARING,NOT_APPLICABLE,NOT_APPLICABLE
trading_system_postgresql,public,conditional_order_group_legs,22,payload,jsonb,false,true,false,false,NAME_AND_TYPE_INFERRED_E2_REQUIRED,MAY_CONTAIN_SENSITIVE_STRUCTURED_DATA,,false,NOT_TIME_BEARING,NOT_APPLICABLE,NOT_APPLICABLE
trading_system_postgresql,public,conditional_order_group_legs,23,version,bigint,false,true,false,false,NAME_AND_TYPE_INFERRED_E2_REQUIRED,NON_SECRET_METADATA,,false,NOT_TIME_BEARING,NOT_APPLICABLE,NOT_APPLICABLE
trading_system_postgresql,public,conditional_order_group_legs,24,created_at,timestamp with time zone,false,true,false,false,NAME_AND_TYPE_INFERRED_E2_REQUIRED,NON_SECRET_METADATA,,true,TIMESTAMPTZ_DB_DECLARED,DATABASE_TIMESTAMP_PRECISION,OFFSET_AWARE_DATABASE_TYPE
trading_system_postgresql,public,conditional_order_group_legs,25,updated_at,timestamp with time zone,false,true,false,false,NAME_AND_TYPE_INFERRED_E2_REQUIRED,NON_SECRET_METADATA,,true,TIMESTAMPTZ_DB_DECLARED,DATABASE_TIMESTAMP_PRECISION,OFFSET_AWARE_DATABASE_TYPE
trading_system_postgresql,public,conditional_order_groups,1,group_id,text,false,false,false,false,NAME_AND_TYPE_INFERRED_E2_REQUIRED,NON_SECRET_METADATA,,false,NOT_TIME_BEARING,NOT_APPLICABLE,NOT_APPLICABLE
trading_system_postgresql,public,conditional_order_groups,2,request_hash,text,false,false,false,false,NAME_AND_TYPE_INFERRED_E2_REQUIRED,MAY_CONTAIN_SENSITIVE_STRUCTURED_DATA,,false,NOT_TIME_BEARING,NOT_APPLICABLE,NOT_APPLICABLE
trading_system_postgresql,public,conditional_order_groups,3,strategy_id,text,false,false,false,false,SCOPE_DIMENSION_NAME_INFERRED_E2_REQUIRED,NON_SECRET_METADATA,strategy,false,NOT_TIME_BEARING,NOT_APPLICABLE,NOT_APPLICABLE
trading_system_postgresql,public,conditional_order_groups,4,account_id,text,false,false,false,false,SCOPE_DIMENSION_NAME_INFERRED_E2_REQUIRED,NON_SECRET_METADATA,account,false,NOT_TIME_BEARING,NOT_APPLICABLE,NOT_APPLICABLE
trading_system_postgresql,public,conditional_order_groups,5,execution_session_id,text,true,false,false,false,SCOPE_DIMENSION_NAME_INFERRED_E2_REQUIRED,NON_SECRET_METADATA,session,false,NOT_TIME_BEARING,NOT_APPLICABLE,NOT_APPLICABLE
trading_system_postgresql,public,conditional_order_groups,6,correlation_id,text,true,false,false,false,NAME_AND_TYPE_INFERRED_E2_REQUIRED,NON_SECRET_METADATA,,false,NOT_TIME_BEARING,NOT_APPLICABLE,NOT_APPLICABLE
trading_system_postgresql,public,conditional_order_groups,7,mode,text,false,false,false,false,SCOPE_DIMENSION_NAME_INFERRED_E2_REQUIRED,NON_SECRET_METADATA,mode,false,NOT_TIME_BEARING,NOT_APPLICABLE,NOT_APPLICABLE
trading_system_postgresql,public,conditional_order_groups,8,venue,text,false,false,false,false,SCOPE_DIMENSION_NAME_INFERRED_E2_REQUIRED,NON_SECRET_METADATA,venue,false,NOT_TIME_BEARING,NOT_APPLICABLE,NOT_APPLICABLE
trading_system_postgresql,public,conditional_order_groups,9,instrument_id,text,false,false,false,false,SCOPE_DIMENSION_NAME_INFERRED_E2_REQUIRED,NON_SECRET_METADATA,instrument,false,NOT_TIME_BEARING,NOT_APPLICABLE,NOT_APPLICABLE
trading_system_postgresql,public,conditional_order_groups,10,symbol,text,false,false,false,false,SCOPE_DIMENSION_NAME_INFERRED_E2_REQUIRED,NON_SECRET_METADATA,instrument,false,NOT_TIME_BEARING,NOT_APPLICABLE,NOT_APPLICABLE
trading_system_postgresql,public,conditional_order_groups,11,position_side,text,false,true,false,false,NAME_AND_TYPE_INFERRED_E2_REQUIRED,NON_SECRET_METADATA,,false,NOT_TIME_BEARING,NOT_APPLICABLE,NOT_APPLICABLE
trading_system_postgresql,public,conditional_order_groups,12,contingency_type,text,false,false,false,false,NAME_AND_TYPE_INFERRED_E2_REQUIRED,NON_SECRET_METADATA,,false,NOT_TIME_BEARING,NOT_APPLICABLE,NOT_APPLICABLE
trading_system_postgresql,public,conditional_order_groups,13,activation_policy,text,false,true,false,false,NAME_AND_TYPE_INFERRED_E2_REQUIRED,NON_SECRET_METADATA,,false,NOT_TIME_BEARING,NOT_APPLICABLE,NOT_APPLICABLE
trading_system_postgresql,public,conditional_order_groups,14,execution_trigger,text,false,true,false,false,NAME_AND_TYPE_INFERRED_E2_REQUIRED,NON_SECRET_METADATA,,false,NOT_TIME_BEARING,NOT_APPLICABLE,NOT_APPLICABLE
trading_system_postgresql,public,conditional_order_groups,15,remainder_policy,text,false,true,false,false,NAME_AND_TYPE_INFERRED_E2_REQUIRED,NON_SECRET_METADATA,,false,NOT_TIME_BEARING,NOT_APPLICABLE,NOT_APPLICABLE
trading_system_postgresql,public,conditional_order_groups,16,late_fill_policy,text,false,true,false,false,NAME_AND_TYPE_INFERRED_E2_REQUIRED,NON_SECRET_METADATA,,false,NOT_TIME_BEARING,NOT_APPLICABLE,NOT_APPLICABLE
trading_system_postgresql,public,conditional_order_groups,17,emulation_policy,text,false,true,false,false,NAME_AND_TYPE_INFERRED_E2_REQUIRED,NON_SECRET_METADATA,,false,NOT_TIME_BEARING,NOT_APPLICABLE,NOT_APPLICABLE
trading_system_postgresql,public,conditional_order_groups,18,execution_plan,text,false,true,false,false,NAME_AND_TYPE_INFERRED_E2_REQUIRED,NON_SECRET_METADATA,,false,NOT_TIME_BEARING,NOT_APPLICABLE,NOT_APPLICABLE
trading_system_postgresql,public,conditional_order_groups,19,capability_snapshot,jsonb,false,true,false,false,NAME_AND_TYPE_INFERRED_E2_REQUIRED,NON_SECRET_METADATA,,false,NOT_TIME_BEARING,NOT_APPLICABLE,NOT_APPLICABLE
trading_system_postgresql,public,conditional_order_groups,20,native_group_id,text,true,false,false,false,NAME_AND_TYPE_INFERRED_E2_REQUIRED,NON_SECRET_METADATA,,false,NOT_TIME_BEARING,NOT_APPLICABLE,NOT_APPLICABLE
trading_system_postgresql,public,conditional_order_groups,21,adapter_version,text,false,true,false,false,NAME_AND_TYPE_INFERRED_E2_REQUIRED,NON_SECRET_METADATA,,false,NOT_TIME_BEARING,NOT_APPLICABLE,NOT_APPLICABLE
trading_system_postgresql,public,conditional_order_groups,22,policy_version,integer,false,true,false,false,NAME_AND_TYPE_INFERRED_E2_REQUIRED,NON_SECRET_METADATA,,false,NOT_TIME_BEARING,NOT_APPLICABLE,NOT_APPLICABLE
trading_system_postgresql,public,conditional_order_groups,23,state,text,false,true,false,false,NAME_AND_TYPE_INFERRED_E2_REQUIRED,NON_SECRET_METADATA,,false,NOT_TIME_BEARING,NOT_APPLICABLE,NOT_APPLICABLE
trading_system_postgresql,public,conditional_order_groups,24,winner_leg_id,text,true,false,false,false,NAME_AND_TYPE_INFERRED_E2_REQUIRED,NON_SECRET_METADATA,,false,NOT_TIME_BEARING,NOT_APPLICABLE,NOT_APPLICABLE
trading_system_postgresql,public,conditional_order_groups,25,first_execution_event_id,text,true,false,false,false,NAME_AND_TYPE_INFERRED_E2_REQUIRED,NON_SECRET_METADATA,,false,NOT_TIME_BEARING,NOT_APPLICABLE,NOT_APPLICABLE
trading_system_postgresql,public,conditional_order_groups,26,target_quantity,numeric,true,false,false,false,NAME_AND_TYPE_INFERRED_E2_REQUIRED,NON_SECRET_METADATA,,false,NOT_TIME_BEARING,NOT_APPLICABLE,NOT_APPLICABLE
trading_system_postgresql,public,conditional_order_groups,27,max_exposure_quantity,numeric,true,false,false,false,NAME_AND_TYPE_INFERRED_E2_REQUIRED,NON_SECRET_METADATA,,false,NOT_TIME_BEARING,NOT_APPLICABLE,NOT_APPLICABLE
trading_system_postgresql,public,conditional_order_groups,28,filled_quantity,numeric,false,true,false,false,NAME_AND_TYPE_INFERRED_E2_REQUIRED,NON_SECRET_METADATA,,false,NOT_TIME_BEARING,NOT_APPLICABLE,NOT_APPLICABLE
trading_system_postgresql,public,conditional_order_groups,29,open_quantity,numeric,false,true,false,false,NAME_AND_TYPE_INFERRED_E2_REQUIRED,NON_SECRET_METADATA,,false,NOT_TIME_BEARING,NOT_APPLICABLE,NOT_APPLICABLE
trading_system_postgresql,public,conditional_order_groups,30,excess_quantity,numeric,false,true,false,false,NAME_AND_TYPE_INFERRED_E2_REQUIRED,NON_SECRET_METADATA,,false,NOT_TIME_BEARING,NOT_APPLICABLE,NOT_APPLICABLE
trading_system_postgresql,public,conditional_order_groups,31,version,bigint,false,true,false,false,NAME_AND_TYPE_INFERRED_E2_REQUIRED,NON_SECRET_METADATA,,false,NOT_TIME_BEARING,NOT_APPLICABLE,NOT_APPLICABLE
trading_system_postgresql,public,conditional_order_groups,32,last_event_id,text,true,false,false,false,NAME_AND_TYPE_INFERRED_E2_REQUIRED,NON_SECRET_METADATA,,false,NOT_TIME_BEARING,NOT_APPLICABLE,NOT_APPLICABLE
trading_system_postgresql,public,conditional_order_groups,33,last_error,text,true,false,false,false,NAME_AND_TYPE_INFERRED_E2_REQUIRED,NON_SECRET_METADATA,,false,NOT_TIME_BEARING,NOT_APPLICABLE,NOT_APPLICABLE
trading_system_postgresql,public,conditional_order_groups,34,metadata,jsonb,false,true,false,false,NAME_AND_TYPE_INFERRED_E2_REQUIRED,MAY_CONTAIN_SENSITIVE_STRUCTURED_DATA,,false,NOT_TIME_BEARING,NOT_APPLICABLE,NOT_APPLICABLE
trading_system_postgresql,public,conditional_order_groups,35,created_at,timestamp with time zone,false,true,false,false,NAME_AND_TYPE_INFERRED_E2_REQUIRED,NON_SECRET_METADATA,,true,TIMESTAMPTZ_DB_DECLARED,DATABASE_TIMESTAMP_PRECISION,OFFSET_AWARE_DATABASE_TYPE
trading_system_postgresql,public,conditional_order_groups,36,updated_at,timestamp with time zone,false,true,false,false,NAME_AND_TYPE_INFERRED_E2_REQUIRED,NON_SECRET_METADATA,,true,TIMESTAMPTZ_DB_DECLARED,DATABASE_TIMESTAMP_PRECISION,OFFSET_AWARE_DATABASE_TYPE
trading_system_postgresql,public,copy_event_dead_letters,1,id,bigint,false,true,false,false,NAME_AND_TYPE_INFERRED_E2_REQUIRED,NON_SECRET_METADATA,,false,NOT_TIME_BEARING,NOT_APPLICABLE,NOT_APPLICABLE
trading_system_postgresql,public,copy_event_dead_letters,2,copy_event_id,uuid,true,false,false,false,NAME_AND_TYPE_INFERRED_E2_REQUIRED,NON_SECRET_METADATA,,false,NOT_TIME_BEARING,NOT_APPLICABLE,NOT_APPLICABLE
trading_system_postgresql,public,copy_event_dead_letters,3,sequence_id,bigint,true,false,false,false,NAME_AND_TYPE_INFERRED_E2_REQUIRED,NON_SECRET_METADATA,,false,NOT_TIME_BEARING,NOT_APPLICABLE,NOT_APPLICABLE
trading_system_postgresql,public,copy_event_dead_letters,4,stream_name,text,true,false,false,false,NAME_AND_TYPE_INFERRED_E2_REQUIRED,IDENTIFIER_OR_PERSONAL_DATA_CANDIDATE,,false,NOT_TIME_BEARING,NOT_APPLICABLE,NOT_APPLICABLE
trading_system_postgresql,public,copy_event_dead_letters,5,reason,text,false,false,false,false,NAME_AND_TYPE_INFERRED_E2_REQUIRED,NON_SECRET_METADATA,,false,NOT_TIME_BEARING,NOT_APPLICABLE,NOT_APPLICABLE
trading_system_postgresql,public,copy_event_dead_letters,6,payload,jsonb,false,false,false,false,NAME_AND_TYPE_INFERRED_E2_REQUIRED,MAY_CONTAIN_SENSITIVE_STRUCTURED_DATA,,false,NOT_TIME_BEARING,NOT_APPLICABLE,NOT_APPLICABLE
trading_system_postgresql,public,copy_event_dead_letters,7,created_at,timestamp with time zone,false,true,false,false,NAME_AND_TYPE_INFERRED_E2_REQUIRED,NON_SECRET_METADATA,,true,TIMESTAMPTZ_DB_DECLARED,DATABASE_TIMESTAMP_PRECISION,OFFSET_AWARE_DATABASE_TYPE
trading_system_postgresql,public,copy_event_dead_letters,8,resolved_at,timestamp with time zone,true,false,false,false,NAME_AND_TYPE_INFERRED_E2_REQUIRED,NON_SECRET_METADATA,,true,TIMESTAMPTZ_DB_DECLARED,DATABASE_TIMESTAMP_PRECISION,OFFSET_AWARE_DATABASE_TYPE
trading_system_postgresql,public,copy_event_outbox,1,copy_event_id,uuid,false,true,false,false,NAME_AND_TYPE_INFERRED_E2_REQUIRED,NON_SECRET_METADATA,,false,NOT_TIME_BEARING,NOT_APPLICABLE,NOT_APPLICABLE
trading_system_postgresql,public,copy_event_outbox,2,sequence_id,bigint,false,true,false,false,NAME_AND_TYPE_INFERRED_E2_REQUIRED,NON_SECRET_METADATA,,false,NOT_TIME_BEARING,NOT_APPLICABLE,NOT_APPLICABLE
trading_system_postgresql,public,copy_event_outbox,3,schema_version,text,false,true,false,false,NAME_AND_TYPE_INFERRED_E2_REQUIRED,NON_SECRET_METADATA,,false,NOT_TIME_BEARING,NOT_APPLICABLE,NOT_APPLICABLE
trading_system_postgresql,public,copy_event_outbox,4,event_type,text,false,false,false,false,NAME_AND_TYPE_INFERRED_E2_REQUIRED,NON_SECRET_METADATA,,false,NOT_TIME_BEARING,NOT_APPLICABLE,NOT_APPLICABLE
trading_system_postgresql,public,copy_event_outbox,5,stream_name,text,false,true,false,false,NAME_AND_TYPE_INFERRED_E2_REQUIRED,IDENTIFIER_OR_PERSONAL_DATA_CANDIDATE,,false,NOT_TIME_BEARING,NOT_APPLICABLE,NOT_APPLICABLE
trading_system_postgresql,public,copy_event_outbox,6,alpha_id,text,true,false,false,false,SCOPE_DIMENSION_NAME_INFERRED_E2_REQUIRED,NON_SECRET_METADATA,strategy,false,NOT_TIME_BEARING,NOT_APPLICABLE,NOT_APPLICABLE
trading_system_postgresql,public,copy_event_outbox,7,strategy_id,text,false,false,false,false,SCOPE_DIMENSION_NAME_INFERRED_E2_REQUIRED,NON_SECRET_METADATA,strategy,false,NOT_TIME_BEARING,NOT_APPLICABLE,NOT_APPLICABLE
trading_system_postgresql,public,copy_event_outbox,8,account_id,text,true,false,false,false,SCOPE_DIMENSION_NAME_INFERRED_E2_REQUIRED,NON_SECRET_METADATA,account,false,NOT_TIME_BEARING,NOT_APPLICABLE,NOT_APPLICABLE
trading_system_postgresql,public,copy_event_outbox,9,mode,text,false,false,false,false,SCOPE_DIMENSION_NAME_INFERRED_E2_REQUIRED,NON_SECRET_METADATA,mode,false,NOT_TIME_BEARING,NOT_APPLICABLE,NOT_APPLICABLE
trading_system_postgresql,public,copy_event_outbox,10,venue,text,false,false,false,false,SCOPE_DIMENSION_NAME_INFERRED_E2_REQUIRED,NON_SECRET_METADATA,venue,false,NOT_TIME_BEARING,NOT_APPLICABLE,NOT_APPLICABLE
trading_system_postgresql,public,copy_event_outbox,11,instrument_id,text,true,false,false,false,SCOPE_DIMENSION_NAME_INFERRED_E2_REQUIRED,NON_SECRET_METADATA,instrument,false,NOT_TIME_BEARING,NOT_APPLICABLE,NOT_APPLICABLE
trading_system_postgresql,public,copy_event_outbox,12,symbol,text,true,false,false,false,SCOPE_DIMENSION_NAME_INFERRED_E2_REQUIRED,NON_SECRET_METADATA,instrument,false,NOT_TIME_BEARING,NOT_APPLICABLE,NOT_APPLICABLE
trading_system_postgresql,public,copy_event_outbox,13,client_order_id,text,true,false,false,false,NAME_AND_TYPE_INFERRED_E2_REQUIRED,NON_SECRET_METADATA,,false,NOT_TIME_BEARING,NOT_APPLICABLE,NOT_APPLICABLE
trading_system_postgresql,public,copy_event_outbox,14,venue_order_id,text,true,false,false,false,NAME_AND_TYPE_INFERRED_E2_REQUIRED,NON_SECRET_METADATA,,false,NOT_TIME_BEARING,NOT_APPLICABLE,NOT_APPLICABLE
trading_system_postgresql,public,copy_event_outbox,15,source_event_type,text,true,false,false,false,NAME_AND_TYPE_INFERRED_E2_REQUIRED,NON_SECRET_METADATA,,false,NOT_TIME_BEARING,NOT_APPLICABLE,NOT_APPLICABLE
trading_system_postgresql,public,copy_event_outbox,16,source_status,text,true,false,false,false,NAME_AND_TYPE_INFERRED_E2_REQUIRED,NON_SECRET_METADATA,,false,NOT_TIME_BEARING,NOT_APPLICABLE,NOT_APPLICABLE
trading_system_postgresql,public,copy_event_outbox,17,payload,jsonb,false,false,false,false,NAME_AND_TYPE_INFERRED_E2_REQUIRED,MAY_CONTAIN_SENSITIVE_STRUCTURED_DATA,,false,NOT_TIME_BEARING,NOT_APPLICABLE,NOT_APPLICABLE
trading_system_postgresql,public,copy_event_outbox,18,status,text,false,true,false,false,NAME_AND_TYPE_INFERRED_E2_REQUIRED,NON_SECRET_METADATA,,false,NOT_TIME_BEARING,NOT_APPLICABLE,NOT_APPLICABLE
trading_system_postgresql,public,copy_event_outbox,19,publish_attempts,integer,false,true,false,false,NAME_AND_TYPE_INFERRED_E2_REQUIRED,NON_SECRET_METADATA,,false,NOT_TIME_BEARING,NOT_APPLICABLE,NOT_APPLICABLE
trading_system_postgresql,public,copy_event_outbox,20,redis_message_id,text,true,false,false,false,NAME_AND_TYPE_INFERRED_E2_REQUIRED,NON_SECRET_METADATA,,false,NOT_TIME_BEARING,NOT_APPLICABLE,NOT_APPLICABLE
trading_system_postgresql,public,copy_event_outbox,21,published_at,timestamp with time zone,true,false,false,false,NAME_AND_TYPE_INFERRED_E2_REQUIRED,NON_SECRET_METADATA,,true,TIMESTAMPTZ_DB_DECLARED,DATABASE_TIMESTAMP_PRECISION,OFFSET_AWARE_DATABASE_TYPE
trading_system_postgresql,public,copy_event_outbox,22,next_attempt_at,timestamp with time zone,false,true,false,false,NAME_AND_TYPE_INFERRED_E2_REQUIRED,NON_SECRET_METADATA,,true,TIMESTAMPTZ_DB_DECLARED,DATABASE_TIMESTAMP_PRECISION,OFFSET_AWARE_DATABASE_TYPE
trading_system_postgresql,public,copy_event_outbox,23,last_error,text,true,false,false,false,NAME_AND_TYPE_INFERRED_E2_REQUIRED,NON_SECRET_METADATA,,false,NOT_TIME_BEARING,NOT_APPLICABLE,NOT_APPLICABLE
trading_system_postgresql,public,copy_event_outbox,24,created_at,timestamp with time zone,false,true,false,false,NAME_AND_TYPE_INFERRED_E2_REQUIRED,NON_SECRET_METADATA,,true,TIMESTAMPTZ_DB_DECLARED,DATABASE_TIMESTAMP_PRECISION,OFFSET_AWARE_DATABASE_TYPE
trading_system_postgresql,public,copy_event_outbox,25,updated_at,timestamp with time zone,false,true,false,false,NAME_AND_TYPE_INFERRED_E2_REQUIRED,NON_SECRET_METADATA,,true,TIMESTAMPTZ_DB_DECLARED,DATABASE_TIMESTAMP_PRECISION,OFFSET_AWARE_DATABASE_TYPE
trading_system_postgresql,public,copy_publish_policies,1,policy_id,uuid,false,true,false,false,NAME_AND_TYPE_INFERRED_E2_REQUIRED,NON_SECRET_METADATA,,false,NOT_TIME_BEARING,NOT_APPLICABLE,NOT_APPLICABLE
trading_system_postgresql,public,copy_publish_policies,2,strategy_id,text,false,false,false,false,SCOPE_DIMENSION_NAME_INFERRED_E2_REQUIRED,NON_SECRET_METADATA,strategy,false,NOT_TIME_BEARING,NOT_APPLICABLE,NOT_APPLICABLE
trading_system_postgresql,public,copy_publish_policies,3,mode,text,false,true,false,false,SCOPE_DIMENSION_NAME_INFERRED_E2_REQUIRED,NON_SECRET_METADATA,mode,false,NOT_TIME_BEARING,NOT_APPLICABLE,NOT_APPLICABLE
trading_system_postgresql,public,copy_publish_policies,4,venue,text,false,true,false,false,SCOPE_DIMENSION_NAME_INFERRED_E2_REQUIRED,NON_SECRET_METADATA,venue,false,NOT_TIME_BEARING,NOT_APPLICABLE,NOT_APPLICABLE
trading_system_postgresql,public,copy_publish_policies,5,enabled,boolean,false,true,false,false,NAME_AND_TYPE_INFERRED_E2_REQUIRED,NON_SECRET_METADATA,,false,NOT_TIME_BEARING,NOT_APPLICABLE,NOT_APPLICABLE
trading_system_postgresql,public,copy_publish_policies,6,event_types,text[],false,true,false,false,NAME_AND_TYPE_INFERRED_E2_REQUIRED,NON_SECRET_METADATA,,false,NOT_TIME_BEARING,NOT_APPLICABLE,NOT_APPLICABLE
trading_system_postgresql,public,copy_publish_policies,7,stream_name,text,false,true,false,false,NAME_AND_TYPE_INFERRED_E2_REQUIRED,IDENTIFIER_OR_PERSONAL_DATA_CANDIDATE,,false,NOT_TIME_BEARING,NOT_APPLICABLE,NOT_APPLICABLE
trading_system_postgresql,public,copy_publish_policies,8,include_raw,boolean,false,true,false,false,NAME_AND_TYPE_INFERRED_E2_REQUIRED,NON_SECRET_METADATA,,false,NOT_TIME_BEARING,NOT_APPLICABLE,NOT_APPLICABLE
trading_system_postgresql,public,copy_publish_policies,9,metadata,jsonb,false,true,false,false,NAME_AND_TYPE_INFERRED_E2_REQUIRED,MAY_CONTAIN_SENSITIVE_STRUCTURED_DATA,,false,NOT_TIME_BEARING,NOT_APPLICABLE,NOT_APPLICABLE
trading_system_postgresql,public,copy_publish_policies,10,created_at,timestamp with time zone,false,true,false,false,NAME_AND_TYPE_INFERRED_E2_REQUIRED,NON_SECRET_METADATA,,true,TIMESTAMPTZ_DB_DECLARED,DATABASE_TIMESTAMP_PRECISION,OFFSET_AWARE_DATABASE_TYPE
trading_system_postgresql,public,copy_publish_policies,11,updated_at,timestamp with time zone,false,true,false,false,NAME_AND_TYPE_INFERRED_E2_REQUIRED,NON_SECRET_METADATA,,true,TIMESTAMPTZ_DB_DECLARED,DATABASE_TIMESTAMP_PRECISION,OFFSET_AWARE_DATABASE_TYPE
trading_system_postgresql,public,dead_letters,1,id,bigint,false,true,false,false,NAME_AND_TYPE_INFERRED_E2_REQUIRED,NON_SECRET_METADATA,,false,NOT_TIME_BEARING,NOT_APPLICABLE,NOT_APPLICABLE
trading_system_postgresql,public,dead_letters,2,stream,text,false,false,false,false,NAME_AND_TYPE_INFERRED_E2_REQUIRED,NON_SECRET_METADATA,,false,NOT_TIME_BEARING,NOT_APPLICABLE,NOT_APPLICABLE
trading_system_postgresql,public,dead_letters,3,group_name,text,true,false,false,false,NAME_AND_TYPE_INFERRED_E2_REQUIRED,IDENTIFIER_OR_PERSONAL_DATA_CANDIDATE,,false,NOT_TIME_BEARING,NOT_APPLICABLE,NOT_APPLICABLE
trading_system_postgresql,public,dead_letters,4,message_id,text,true,false,false,false,NAME_AND_TYPE_INFERRED_E2_REQUIRED,NON_SECRET_METADATA,,false,NOT_TIME_BEARING,NOT_APPLICABLE,NOT_APPLICABLE
trading_system_postgresql,public,dead_letters,5,reason,text,false,false,false,false,NAME_AND_TYPE_INFERRED_E2_REQUIRED,NON_SECRET_METADATA,,false,NOT_TIME_BEARING,NOT_APPLICABLE,NOT_APPLICABLE
trading_system_postgresql,public,dead_letters,6,payload,jsonb,false,false,false,false,NAME_AND_TYPE_INFERRED_E2_REQUIRED,MAY_CONTAIN_SENSITIVE_STRUCTURED_DATA,,false,NOT_TIME_BEARING,NOT_APPLICABLE,NOT_APPLICABLE
trading_system_postgresql,public,dead_letters,7,created_at,timestamp with time zone,false,true,false,false,NAME_AND_TYPE_INFERRED_E2_REQUIRED,NON_SECRET_METADATA,,true,TIMESTAMPTZ_DB_DECLARED,DATABASE_TIMESTAMP_PRECISION,OFFSET_AWARE_DATABASE_TYPE
trading_system_postgresql,public,dead_letters,8,resolved_at,timestamp with time zone,true,false,false,false,NAME_AND_TYPE_INFERRED_E2_REQUIRED,NON_SECRET_METADATA,,true,TIMESTAMPTZ_DB_DECLARED,DATABASE_TIMESTAMP_PRECISION,OFFSET_AWARE_DATABASE_TYPE
trading_system_postgresql,public,dnse_trading_tokens,1,token_id,uuid,false,true,false,false,NAME_AND_TYPE_INFERRED_E2_REQUIRED,SECRET_MATERIAL_METADATA_ONLY,,false,NOT_TIME_BEARING,NOT_APPLICABLE,NOT_APPLICABLE
trading_system_postgresql,public,dnse_trading_tokens,2,account_id,text,false,false,false,false,SCOPE_DIMENSION_NAME_INFERRED_E2_REQUIRED,NON_SECRET_METADATA,account,false,NOT_TIME_BEARING,NOT_APPLICABLE,NOT_APPLICABLE
trading_system_postgresql,public,dnse_trading_tokens,3,venue,text,false,true,false,false,SCOPE_DIMENSION_NAME_INFERRED_E2_REQUIRED,NON_SECRET_METADATA,venue,false,NOT_TIME_BEARING,NOT_APPLICABLE,NOT_APPLICABLE
trading_system_postgresql,public,dnse_trading_tokens,4,encrypted_token_ref,text,false,false,false,false,NAME_AND_TYPE_INFERRED_E2_REQUIRED,SECRET_MATERIAL_METADATA_ONLY,,false,NOT_TIME_BEARING,NOT_APPLICABLE,NOT_APPLICABLE
trading_system_postgresql,public,dnse_trading_tokens,5,token_status,text,false,true,false,false,NAME_AND_TYPE_INFERRED_E2_REQUIRED,SECRET_MATERIAL_METADATA_ONLY,,false,NOT_TIME_BEARING,NOT_APPLICABLE,NOT_APPLICABLE
trading_system_postgresql,public,dnse_trading_tokens,6,created_at,timestamp with time zone,false,true,false,false,NAME_AND_TYPE_INFERRED_E2_REQUIRED,NON_SECRET_METADATA,,true,TIMESTAMPTZ_DB_DECLARED,DATABASE_TIMESTAMP_PRECISION,OFFSET_AWARE_DATABASE_TYPE
trading_system_postgresql,public,dnse_trading_tokens,7,expires_at,timestamp with time zone,true,false,false,false,NAME_AND_TYPE_INFERRED_E2_REQUIRED,NON_SECRET_METADATA,,true,TIMESTAMPTZ_DB_DECLARED,DATABASE_TIMESTAMP_PRECISION,OFFSET_AWARE_DATABASE_TYPE
trading_system_postgresql,public,dnse_trading_tokens,8,last_used_at,timestamp with time zone,true,false,false,false,NAME_AND_TYPE_INFERRED_E2_REQUIRED,NON_SECRET_METADATA,,true,TIMESTAMPTZ_DB_DECLARED,DATABASE_TIMESTAMP_PRECISION,OFFSET_AWARE_DATABASE_TYPE
trading_system_postgresql,public,dnse_trading_tokens,9,revoked_at,timestamp with time zone,true,false,false,false,NAME_AND_TYPE_INFERRED_E2_REQUIRED,NON_SECRET_METADATA,,true,TIMESTAMPTZ_DB_DECLARED,DATABASE_TIMESTAMP_PRECISION,OFFSET_AWARE_DATABASE_TYPE
trading_system_postgresql,public,domain_events,1,event_id,uuid,false,true,false,false,NAME_AND_TYPE_INFERRED_E2_REQUIRED,NON_SECRET_METADATA,,false,NOT_TIME_BEARING,NOT_APPLICABLE,NOT_APPLICABLE
trading_system_postgresql,public,domain_events,2,event_ts,timestamp with time zone,false,false,false,false,NAME_AND_TYPE_INFERRED_E2_REQUIRED,NON_SECRET_METADATA,,true,TIMESTAMPTZ_DB_DECLARED,DATABASE_TIMESTAMP_PRECISION,OFFSET_AWARE_DATABASE_TYPE
trading_system_postgresql,public,domain_events,3,event_type,text,false,false,false,false,NAME_AND_TYPE_INFERRED_E2_REQUIRED,NON_SECRET_METADATA,,false,NOT_TIME_BEARING,NOT_APPLICABLE,NOT_APPLICABLE
trading_system_postgresql,public,domain_events,4,schema_version,text,false,true,false,false,NAME_AND_TYPE_INFERRED_E2_REQUIRED,NON_SECRET_METADATA,,false,NOT_TIME_BEARING,NOT_APPLICABLE,NOT_APPLICABLE
trading_system_postgresql,public,domain_events,5,trace_id,text,false,false,false,false,NAME_AND_TYPE_INFERRED_E2_REQUIRED,NON_SECRET_METADATA,,false,NOT_TIME_BEARING,NOT_APPLICABLE,NOT_APPLICABLE
trading_system_postgresql,public,domain_events,6,causation_id,uuid,true,false,false,false,NAME_AND_TYPE_INFERRED_E2_REQUIRED,NON_SECRET_METADATA,,false,NOT_TIME_BEARING,NOT_APPLICABLE,NOT_APPLICABLE
trading_system_postgresql,public,domain_events,7,correlation_id,text,true,false,false,false,NAME_AND_TYPE_INFERRED_E2_REQUIRED,NON_SECRET_METADATA,,false,NOT_TIME_BEARING,NOT_APPLICABLE,NOT_APPLICABLE
trading_system_postgresql,public,domain_events,8,producer,text,false,false,false,false,NAME_AND_TYPE_INFERRED_E2_REQUIRED,NON_SECRET_METADATA,,false,NOT_TIME_BEARING,NOT_APPLICABLE,NOT_APPLICABLE
trading_system_postgresql,public,domain_events,9,message_type,text,false,false,false,false,NAME_AND_TYPE_INFERRED_E2_REQUIRED,NON_SECRET_METADATA,,false,NOT_TIME_BEARING,NOT_APPLICABLE,NOT_APPLICABLE
trading_system_postgresql,public,domain_events,10,trader_id,text,true,false,false,false,NAME_AND_TYPE_INFERRED_E2_REQUIRED,NON_SECRET_METADATA,,false,NOT_TIME_BEARING,NOT_APPLICABLE,NOT_APPLICABLE
trading_system_postgresql,public,domain_events,11,strategy_id,text,true,false,false,false,SCOPE_DIMENSION_NAME_INFERRED_E2_REQUIRED,NON_SECRET_METADATA,strategy,false,NOT_TIME_BEARING,NOT_APPLICABLE,NOT_APPLICABLE
trading_system_postgresql,public,domain_events,12,account_id,text,true,false,false,false,SCOPE_DIMENSION_NAME_INFERRED_E2_REQUIRED,NON_SECRET_METADATA,account,false,NOT_TIME_BEARING,NOT_APPLICABLE,NOT_APPLICABLE
trading_system_postgresql,public,domain_events,13,mode,text,false,false,false,false,SCOPE_DIMENSION_NAME_INFERRED_E2_REQUIRED,NON_SECRET_METADATA,mode,false,NOT_TIME_BEARING,NOT_APPLICABLE,NOT_APPLICABLE
trading_system_postgresql,public,domain_events,14,venue,text,false,false,false,false,SCOPE_DIMENSION_NAME_INFERRED_E2_REQUIRED,NON_SECRET_METADATA,venue,false,NOT_TIME_BEARING,NOT_APPLICABLE,NOT_APPLICABLE
trading_system_postgresql,public,domain_events,15,instrument_id,text,true,false,false,false,SCOPE_DIMENSION_NAME_INFERRED_E2_REQUIRED,NON_SECRET_METADATA,instrument,false,NOT_TIME_BEARING,NOT_APPLICABLE,NOT_APPLICABLE
trading_system_postgresql,public,domain_events,16,client_order_id,text,true,false,false,false,NAME_AND_TYPE_INFERRED_E2_REQUIRED,NON_SECRET_METADATA,,false,NOT_TIME_BEARING,NOT_APPLICABLE,NOT_APPLICABLE
trading_system_postgresql,public,domain_events,17,venue_order_id,text,true,false,false,false,NAME_AND_TYPE_INFERRED_E2_REQUIRED,NON_SECRET_METADATA,,false,NOT_TIME_BEARING,NOT_APPLICABLE,NOT_APPLICABLE
trading_system_postgresql,public,domain_events,18,trade_id,text,true,false,false,false,NAME_AND_TYPE_INFERRED_E2_REQUIRED,NON_SECRET_METADATA,,false,NOT_TIME_BEARING,NOT_APPLICABLE,NOT_APPLICABLE
trading_system_postgresql,public,domain_events,19,payload,jsonb,false,false,false,false,NAME_AND_TYPE_INFERRED_E2_REQUIRED,MAY_CONTAIN_SENSITIVE_STRUCTURED_DATA,,false,NOT_TIME_BEARING,NOT_APPLICABLE,NOT_APPLICABLE
trading_system_postgresql,public,domain_events,20,raw,jsonb,true,false,false,false,NAME_AND_TYPE_INFERRED_E2_REQUIRED,NON_SECRET_METADATA,,false,NOT_TIME_BEARING,NOT_APPLICABLE,NOT_APPLICABLE
trading_system_postgresql,public,domain_events,21,created_at,timestamp with time zone,false,true,false,false,NAME_AND_TYPE_INFERRED_E2_REQUIRED,NON_SECRET_METADATA,,true,TIMESTAMPTZ_DB_DECLARED,DATABASE_TIMESTAMP_PRECISION,OFFSET_AWARE_DATABASE_TYPE
trading_system_postgresql,public,domain_events,22,engine_version,text,false,true,false,false,NAME_AND_TYPE_INFERRED_E2_REQUIRED,NON_SECRET_METADATA,,false,NOT_TIME_BEARING,NOT_APPLICABLE,NOT_APPLICABLE
trading_system_postgresql,public,domain_events,23,canonical_contract_version,text,false,true,false,false,NAME_AND_TYPE_INFERRED_E2_REQUIRED,NON_SECRET_METADATA,,false,NOT_TIME_BEARING,NOT_APPLICABLE,NOT_APPLICABLE
trading_system_postgresql,public,domain_events,24,instrument_metadata_version,text,false,true,false,false,NAME_AND_TYPE_INFERRED_E2_REQUIRED,MAY_CONTAIN_SENSITIVE_STRUCTURED_DATA,,false,NOT_TIME_BEARING,NOT_APPLICABLE,NOT_APPLICABLE
trading_system_postgresql,public,domain_events,25,decision_digest,text,true,false,false,false,NAME_AND_TYPE_INFERRED_E2_REQUIRED,NON_SECRET_METADATA,,false,NOT_TIME_BEARING,NOT_APPLICABLE,NOT_APPLICABLE
trading_system_postgresql,public,engine_authority_decisions,1,decision_id,uuid,false,true,false,false,NAME_AND_TYPE_INFERRED_E2_REQUIRED,NON_SECRET_METADATA,,false,NOT_TIME_BEARING,NOT_APPLICABLE,NOT_APPLICABLE
trading_system_postgresql,public,engine_authority_decisions,2,scope_id,uuid,false,false,false,false,NAME_AND_TYPE_INFERRED_E2_REQUIRED,NON_SECRET_METADATA,,false,NOT_TIME_BEARING,NOT_APPLICABLE,NOT_APPLICABLE
trading_system_postgresql,public,engine_authority_decisions,3,decision_key,text,false,false,false,false,NAME_AND_TYPE_INFERRED_E2_REQUIRED,NON_SECRET_METADATA,,false,NOT_TIME_BEARING,NOT_APPLICABLE,NOT_APPLICABLE
trading_system_postgresql,public,engine_authority_decisions,4,command_id,uuid,true,false,false,false,NAME_AND_TYPE_INFERRED_E2_REQUIRED,NON_SECRET_METADATA,,false,NOT_TIME_BEARING,NOT_APPLICABLE,NOT_APPLICABLE
trading_system_postgresql,public,engine_authority_decisions,5,input_digest,text,false,false,false,false,NAME_AND_TYPE_INFERRED_E2_REQUIRED,NON_SECRET_METADATA,,false,NOT_TIME_BEARING,NOT_APPLICABLE,NOT_APPLICABLE
trading_system_postgresql,public,engine_authority_decisions,6,authoritative_backend,text,false,false,false,false,NAME_AND_TYPE_INFERRED_E2_REQUIRED,NON_SECRET_METADATA,,false,NOT_TIME_BEARING,NOT_APPLICABLE,NOT_APPLICABLE
trading_system_postgresql,public,engine_authority_decisions,7,authoritative_engine_version,text,false,false,false,false,NAME_AND_TYPE_INFERRED_E2_REQUIRED,NON_SECRET_METADATA,,false,NOT_TIME_BEARING,NOT_APPLICABLE,NOT_APPLICABLE
trading_system_postgresql,public,engine_authority_decisions,8,shadow_backend,text,true,false,false,false,NAME_AND_TYPE_INFERRED_E2_REQUIRED,NON_SECRET_METADATA,,false,NOT_TIME_BEARING,NOT_APPLICABLE,NOT_APPLICABLE
trading_system_postgresql,public,engine_authority_decisions,9,shadow_engine_version,text,true,false,false,false,NAME_AND_TYPE_INFERRED_E2_REQUIRED,NON_SECRET_METADATA,,false,NOT_TIME_BEARING,NOT_APPLICABLE,NOT_APPLICABLE
trading_system_postgresql,public,engine_authority_decisions,10,contract_version,text,false,false,false,false,NAME_AND_TYPE_INFERRED_E2_REQUIRED,NON_SECRET_METADATA,,false,NOT_TIME_BEARING,NOT_APPLICABLE,NOT_APPLICABLE
trading_system_postgresql,public,engine_authority_decisions,11,authority_epoch,bigint,false,false,false,false,NAME_AND_TYPE_INFERRED_E2_REQUIRED,NON_SECRET_METADATA,,false,NOT_TIME_BEARING,NOT_APPLICABLE,NOT_APPLICABLE
trading_system_postgresql,public,engine_authority_decisions,12,state,text,false,true,false,false,NAME_AND_TYPE_INFERRED_E2_REQUIRED,NON_SECRET_METADATA,,false,NOT_TIME_BEARING,NOT_APPLICABLE,NOT_APPLICABLE
trading_system_postgresql,public,engine_authority_decisions,13,lease_owner,text,false,false,false,false,NAME_AND_TYPE_INFERRED_E2_REQUIRED,NON_SECRET_METADATA,,false,NOT_TIME_BEARING,NOT_APPLICABLE,NOT_APPLICABLE
trading_system_postgresql,public,engine_authority_decisions,14,lease_token,uuid,false,false,false,false,NAME_AND_TYPE_INFERRED_E2_REQUIRED,SECRET_MATERIAL_METADATA_ONLY,,false,NOT_TIME_BEARING,NOT_APPLICABLE,NOT_APPLICABLE
trading_system_postgresql,public,engine_authority_decisions,15,lease_until,timestamp with time zone,false,false,false,false,NAME_AND_TYPE_INFERRED_E2_REQUIRED,NON_SECRET_METADATA,,true,TIMESTAMPTZ_DB_DECLARED,DATABASE_TIMESTAMP_PRECISION,OFFSET_AWARE_DATABASE_TYPE
trading_system_postgresql,public,engine_authority_decisions,16,attempt_count,integer,false,true,false,false,NAME_AND_TYPE_INFERRED_E2_REQUIRED,NON_SECRET_METADATA,,false,NOT_TIME_BEARING,NOT_APPLICABLE,NOT_APPLICABLE
trading_system_postgresql,public,engine_authority_decisions,17,authoritative_output,jsonb,true,false,false,false,NAME_AND_TYPE_INFERRED_E2_REQUIRED,NON_SECRET_METADATA,,false,NOT_TIME_BEARING,NOT_APPLICABLE,NOT_APPLICABLE
trading_system_postgresql,public,engine_authority_decisions,18,authoritative_decision_digest,text,true,false,false,false,NAME_AND_TYPE_INFERRED_E2_REQUIRED,NON_SECRET_METADATA,,false,NOT_TIME_BEARING,NOT_APPLICABLE,NOT_APPLICABLE
trading_system_postgresql,public,engine_authority_decisions,19,shadow_output,jsonb,true,false,false,false,NAME_AND_TYPE_INFERRED_E2_REQUIRED,NON_SECRET_METADATA,,false,NOT_TIME_BEARING,NOT_APPLICABLE,NOT_APPLICABLE
trading_system_postgresql,public,engine_authority_decisions,20,shadow_decision_digest,text,true,false,false,false,NAME_AND_TYPE_INFERRED_E2_REQUIRED,NON_SECRET_METADATA,,false,NOT_TIME_BEARING,NOT_APPLICABLE,NOT_APPLICABLE
trading_system_postgresql,public,engine_authority_decisions,21,matches,boolean,true,false,false,false,NAME_AND_TYPE_INFERRED_E2_REQUIRED,NON_SECRET_METADATA,,false,NOT_TIME_BEARING,NOT_APPLICABLE,NOT_APPLICABLE
trading_system_postgresql,public,engine_authority_decisions,22,failure_reason,text,true,false,false,false,NAME_AND_TYPE_INFERRED_E2_REQUIRED,NON_SECRET_METADATA,,false,NOT_TIME_BEARING,NOT_APPLICABLE,NOT_APPLICABLE
trading_system_postgresql,public,engine_authority_decisions,23,test_run_id,text,true,false,false,false,NAME_AND_TYPE_INFERRED_E2_REQUIRED,NON_SECRET_METADATA,,false,NOT_TIME_BEARING,NOT_APPLICABLE,NOT_APPLICABLE
trading_system_postgresql,public,engine_authority_decisions,24,started_at,timestamp with time zone,false,true,false,false,NAME_AND_TYPE_INFERRED_E2_REQUIRED,NON_SECRET_METADATA,,true,TIMESTAMPTZ_DB_DECLARED,DATABASE_TIMESTAMP_PRECISION,OFFSET_AWARE_DATABASE_TYPE
trading_system_postgresql,public,engine_authority_decisions,25,completed_at,timestamp with time zone,true,false,false,false,NAME_AND_TYPE_INFERRED_E2_REQUIRED,NON_SECRET_METADATA,,true,TIMESTAMPTZ_DB_DECLARED,DATABASE_TIMESTAMP_PRECISION,OFFSET_AWARE_DATABASE_TYPE
trading_system_postgresql,public,engine_authority_decisions,26,updated_at,timestamp with time zone,false,true,false,false,NAME_AND_TYPE_INFERRED_E2_REQUIRED,NON_SECRET_METADATA,,true,TIMESTAMPTZ_DB_DECLARED,DATABASE_TIMESTAMP_PRECISION,OFFSET_AWARE_DATABASE_TYPE
trading_system_postgresql,public,engine_authority_scopes,1,scope_id,uuid,false,true,false,false,NAME_AND_TYPE_INFERRED_E2_REQUIRED,NON_SECRET_METADATA,,false,NOT_TIME_BEARING,NOT_APPLICABLE,NOT_APPLICABLE
trading_system_postgresql,public,engine_authority_scopes,2,component,text,false,false,false,false,NAME_AND_TYPE_INFERRED_E2_REQUIRED,NON_SECRET_METADATA,,false,NOT_TIME_BEARING,NOT_APPLICABLE,NOT_APPLICABLE
trading_system_postgresql,public,engine_authority_scopes,3,mode,text,false,false,false,false,SCOPE_DIMENSION_NAME_INFERRED_E2_REQUIRED,NON_SECRET_METADATA,mode,false,NOT_TIME_BEARING,NOT_APPLICABLE,NOT_APPLICABLE
trading_system_postgresql,public,engine_authority_scopes,4,venue,text,false,false,false,false,SCOPE_DIMENSION_NAME_INFERRED_E2_REQUIRED,NON_SECRET_METADATA,venue,false,NOT_TIME_BEARING,NOT_APPLICABLE,NOT_APPLICABLE
trading_system_postgresql,public,engine_authority_scopes,5,account_id,text,false,false,false,false,SCOPE_DIMENSION_NAME_INFERRED_E2_REQUIRED,NON_SECRET_METADATA,account,false,NOT_TIME_BEARING,NOT_APPLICABLE,NOT_APPLICABLE
trading_system_postgresql,public,engine_authority_scopes,6,rollout_state,text,false,true,false,false,NAME_AND_TYPE_INFERRED_E2_REQUIRED,NON_SECRET_METADATA,,false,NOT_TIME_BEARING,NOT_APPLICABLE,NOT_APPLICABLE
trading_system_postgresql,public,engine_authority_scopes,7,lifecycle_state,text,false,true,false,false,NAME_AND_TYPE_INFERRED_E2_REQUIRED,NON_SECRET_METADATA,,false,NOT_TIME_BEARING,NOT_APPLICABLE,NOT_APPLICABLE
trading_system_postgresql,public,engine_authority_scopes,8,authoritative_backend,text,false,true,false,false,NAME_AND_TYPE_INFERRED_E2_REQUIRED,NON_SECRET_METADATA,,false,NOT_TIME_BEARING,NOT_APPLICABLE,NOT_APPLICABLE
trading_system_postgresql,public,engine_authority_scopes,9,authoritative_engine_version,text,false,true,false,false,NAME_AND_TYPE_INFERRED_E2_REQUIRED,NON_SECRET_METADATA,,false,NOT_TIME_BEARING,NOT_APPLICABLE,NOT_APPLICABLE
trading_system_postgresql,public,engine_authority_scopes,10,shadow_backend,text,true,false,false,false,NAME_AND_TYPE_INFERRED_E2_REQUIRED,NON_SECRET_METADATA,,false,NOT_TIME_BEARING,NOT_APPLICABLE,NOT_APPLICABLE
trading_system_postgresql,public,engine_authority_scopes,11,shadow_engine_version,text,true,false,false,false,NAME_AND_TYPE_INFERRED_E2_REQUIRED,NON_SECRET_METADATA,,false,NOT_TIME_BEARING,NOT_APPLICABLE,NOT_APPLICABLE
trading_system_postgresql,public,engine_authority_scopes,12,contract_version,text,false,true,false,false,NAME_AND_TYPE_INFERRED_E2_REQUIRED,NON_SECRET_METADATA,,false,NOT_TIME_BEARING,NOT_APPLICABLE,NOT_APPLICABLE
trading_system_postgresql,public,engine_authority_scopes,13,authority_epoch,bigint,false,true,false,false,NAME_AND_TYPE_INFERRED_E2_REQUIRED,NON_SECRET_METADATA,,false,NOT_TIME_BEARING,NOT_APPLICABLE,NOT_APPLICABLE
trading_system_postgresql,public,engine_authority_scopes,14,revision,bigint,false,true,false,false,NAME_AND_TYPE_INFERRED_E2_REQUIRED,NON_SECRET_METADATA,,false,NOT_TIME_BEARING,NOT_APPLICABLE,NOT_APPLICABLE
trading_system_postgresql,public,engine_authority_scopes,15,pending_rollout_state,text,true,false,false,false,NAME_AND_TYPE_INFERRED_E2_REQUIRED,NON_SECRET_METADATA,,false,NOT_TIME_BEARING,NOT_APPLICABLE,NOT_APPLICABLE
trading_system_postgresql,public,engine_authority_scopes,16,pending_engine_version,text,true,false,false,false,NAME_AND_TYPE_INFERRED_E2_REQUIRED,NON_SECRET_METADATA,,false,NOT_TIME_BEARING,NOT_APPLICABLE,NOT_APPLICABLE
trading_system_postgresql,public,engine_authority_scopes,17,halt_reason,text,true,false,false,false,NAME_AND_TYPE_INFERRED_E2_REQUIRED,NON_SECRET_METADATA,,false,NOT_TIME_BEARING,NOT_APPLICABLE,NOT_APPLICABLE
trading_system_postgresql,public,engine_authority_scopes,18,test_run_id,text,true,false,false,false,NAME_AND_TYPE_INFERRED_E2_REQUIRED,NON_SECRET_METADATA,,false,NOT_TIME_BEARING,NOT_APPLICABLE,NOT_APPLICABLE
trading_system_postgresql,public,engine_authority_scopes,19,metadata,jsonb,false,true,false,false,NAME_AND_TYPE_INFERRED_E2_REQUIRED,MAY_CONTAIN_SENSITIVE_STRUCTURED_DATA,,false,NOT_TIME_BEARING,NOT_APPLICABLE,NOT_APPLICABLE
trading_system_postgresql,public,engine_authority_scopes,20,created_at,timestamp with time zone,false,true,false,false,NAME_AND_TYPE_INFERRED_E2_REQUIRED,NON_SECRET_METADATA,,true,TIMESTAMPTZ_DB_DECLARED,DATABASE_TIMESTAMP_PRECISION,OFFSET_AWARE_DATABASE_TYPE
trading_system_postgresql,public,engine_authority_scopes,21,updated_at,timestamp with time zone,false,true,false,false,NAME_AND_TYPE_INFERRED_E2_REQUIRED,NON_SECRET_METADATA,,true,TIMESTAMPTZ_DB_DECLARED,DATABASE_TIMESTAMP_PRECISION,OFFSET_AWARE_DATABASE_TYPE
trading_system_postgresql,public,engine_authority_transitions,1,transition_id,uuid,false,true,false,false,NAME_AND_TYPE_INFERRED_E2_REQUIRED,NON_SECRET_METADATA,,false,NOT_TIME_BEARING,NOT_APPLICABLE,NOT_APPLICABLE
trading_system_postgresql,public,engine_authority_transitions,2,scope_id,uuid,false,false,false,false,NAME_AND_TYPE_INFERRED_E2_REQUIRED,NON_SECRET_METADATA,,false,NOT_TIME_BEARING,NOT_APPLICABLE,NOT_APPLICABLE
trading_system_postgresql,public,engine_authority_transitions,3,actor,text,false,false,false,false,NAME_AND_TYPE_INFERRED_E2_REQUIRED,NON_SECRET_METADATA,,false,NOT_TIME_BEARING,NOT_APPLICABLE,NOT_APPLICABLE
trading_system_postgresql,public,engine_authority_transitions,4,reason,text,false,false,false,false,NAME_AND_TYPE_INFERRED_E2_REQUIRED,NON_SECRET_METADATA,,false,NOT_TIME_BEARING,NOT_APPLICABLE,NOT_APPLICABLE
trading_system_postgresql,public,engine_authority_transitions,5,from_rollout_state,text,false,false,false,false,NAME_AND_TYPE_INFERRED_E2_REQUIRED,NON_SECRET_METADATA,,false,NOT_TIME_BEARING,NOT_APPLICABLE,NOT_APPLICABLE
trading_system_postgresql,public,engine_authority_transitions,6,to_rollout_state,text,false,false,false,false,NAME_AND_TYPE_INFERRED_E2_REQUIRED,NON_SECRET_METADATA,,false,NOT_TIME_BEARING,NOT_APPLICABLE,NOT_APPLICABLE
trading_system_postgresql,public,engine_authority_transitions,7,from_lifecycle_state,text,false,false,false,false,NAME_AND_TYPE_INFERRED_E2_REQUIRED,NON_SECRET_METADATA,,false,NOT_TIME_BEARING,NOT_APPLICABLE,NOT_APPLICABLE
trading_system_postgresql,public,engine_authority_transitions,8,to_lifecycle_state,text,false,false,false,false,NAME_AND_TYPE_INFERRED_E2_REQUIRED,NON_SECRET_METADATA,,false,NOT_TIME_BEARING,NOT_APPLICABLE,NOT_APPLICABLE
trading_system_postgresql,public,engine_authority_transitions,9,from_authority_epoch,bigint,false,false,false,false,NAME_AND_TYPE_INFERRED_E2_REQUIRED,NON_SECRET_METADATA,,false,NOT_TIME_BEARING,NOT_APPLICABLE,NOT_APPLICABLE
trading_system_postgresql,public,engine_authority_transitions,10,to_authority_epoch,bigint,false,false,false,false,NAME_AND_TYPE_INFERRED_E2_REQUIRED,NON_SECRET_METADATA,,false,NOT_TIME_BEARING,NOT_APPLICABLE,NOT_APPLICABLE
trading_system_postgresql,public,engine_authority_transitions,11,from_revision,bigint,false,false,false,false,NAME_AND_TYPE_INFERRED_E2_REQUIRED,NON_SECRET_METADATA,,false,NOT_TIME_BEARING,NOT_APPLICABLE,NOT_APPLICABLE
trading_system_postgresql,public,engine_authority_transitions,12,to_revision,bigint,false,false,false,false,NAME_AND_TYPE_INFERRED_E2_REQUIRED,NON_SECRET_METADATA,,false,NOT_TIME_BEARING,NOT_APPLICABLE,NOT_APPLICABLE
trading_system_postgresql,public,engine_authority_transitions,13,details,jsonb,false,true,false,false,NAME_AND_TYPE_INFERRED_E2_REQUIRED,MAY_CONTAIN_SENSITIVE_STRUCTURED_DATA,,false,NOT_TIME_BEARING,NOT_APPLICABLE,NOT_APPLICABLE
trading_system_postgresql,public,engine_authority_transitions,14,test_run_id,text,true,false,false,false,NAME_AND_TYPE_INFERRED_E2_REQUIRED,NON_SECRET_METADATA,,false,NOT_TIME_BEARING,NOT_APPLICABLE,NOT_APPLICABLE
trading_system_postgresql,public,engine_authority_transitions,15,created_at,timestamp with time zone,false,true,false,false,NAME_AND_TYPE_INFERRED_E2_REQUIRED,NON_SECRET_METADATA,,true,TIMESTAMPTZ_DB_DECLARED,DATABASE_TIMESTAMP_PRECISION,OFFSET_AWARE_DATABASE_TYPE
trading_system_postgresql,public,engine_shadow_comparisons,1,comparison_id,uuid,false,true,false,false,NAME_AND_TYPE_INFERRED_E2_REQUIRED,NON_SECRET_METADATA,,false,NOT_TIME_BEARING,NOT_APPLICABLE,NOT_APPLICABLE
trading_system_postgresql,public,engine_shadow_comparisons,2,test_run_id,text,true,false,false,false,NAME_AND_TYPE_INFERRED_E2_REQUIRED,NON_SECRET_METADATA,,false,NOT_TIME_BEARING,NOT_APPLICABLE,NOT_APPLICABLE
trading_system_postgresql,public,engine_shadow_comparisons,3,component,text,false,false,false,false,NAME_AND_TYPE_INFERRED_E2_REQUIRED,NON_SECRET_METADATA,,false,NOT_TIME_BEARING,NOT_APPLICABLE,NOT_APPLICABLE
trading_system_postgresql,public,engine_shadow_comparisons,4,account_id,text,true,false,false,false,SCOPE_DIMENSION_NAME_INFERRED_E2_REQUIRED,NON_SECRET_METADATA,account,false,NOT_TIME_BEARING,NOT_APPLICABLE,NOT_APPLICABLE
trading_system_postgresql,public,engine_shadow_comparisons,5,strategy_id,text,true,false,false,false,SCOPE_DIMENSION_NAME_INFERRED_E2_REQUIRED,NON_SECRET_METADATA,strategy,false,NOT_TIME_BEARING,NOT_APPLICABLE,NOT_APPLICABLE
trading_system_postgresql,public,engine_shadow_comparisons,6,mode,text,true,false,false,false,SCOPE_DIMENSION_NAME_INFERRED_E2_REQUIRED,NON_SECRET_METADATA,mode,false,NOT_TIME_BEARING,NOT_APPLICABLE,NOT_APPLICABLE
trading_system_postgresql,public,engine_shadow_comparisons,7,venue,text,true,false,false,false,SCOPE_DIMENSION_NAME_INFERRED_E2_REQUIRED,NON_SECRET_METADATA,venue,false,NOT_TIME_BEARING,NOT_APPLICABLE,NOT_APPLICABLE
trading_system_postgresql,public,engine_shadow_comparisons,8,authoritative_backend,text,false,true,false,false,NAME_AND_TYPE_INFERRED_E2_REQUIRED,NON_SECRET_METADATA,,false,NOT_TIME_BEARING,NOT_APPLICABLE,NOT_APPLICABLE
trading_system_postgresql,public,engine_shadow_comparisons,9,shadow_backend,text,false,true,false,false,NAME_AND_TYPE_INFERRED_E2_REQUIRED,NON_SECRET_METADATA,,false,NOT_TIME_BEARING,NOT_APPLICABLE,NOT_APPLICABLE
trading_system_postgresql,public,engine_shadow_comparisons,10,python_engine_version,text,false,false,false,false,NAME_AND_TYPE_INFERRED_E2_REQUIRED,NON_SECRET_METADATA,,false,NOT_TIME_BEARING,NOT_APPLICABLE,NOT_APPLICABLE
trading_system_postgresql,public,engine_shadow_comparisons,11,rust_engine_version,text,true,false,false,false,NAME_AND_TYPE_INFERRED_E2_REQUIRED,NON_SECRET_METADATA,,false,NOT_TIME_BEARING,NOT_APPLICABLE,NOT_APPLICABLE
trading_system_postgresql,public,engine_shadow_comparisons,12,contract_version,text,false,false,false,false,NAME_AND_TYPE_INFERRED_E2_REQUIRED,NON_SECRET_METADATA,,false,NOT_TIME_BEARING,NOT_APPLICABLE,NOT_APPLICABLE
trading_system_postgresql,public,engine_shadow_comparisons,13,input_digest,text,false,false,false,false,NAME_AND_TYPE_INFERRED_E2_REQUIRED,NON_SECRET_METADATA,,false,NOT_TIME_BEARING,NOT_APPLICABLE,NOT_APPLICABLE
trading_system_postgresql,public,engine_shadow_comparisons,14,python_decision_digest,text,false,false,false,false,NAME_AND_TYPE_INFERRED_E2_REQUIRED,NON_SECRET_METADATA,,false,NOT_TIME_BEARING,NOT_APPLICABLE,NOT_APPLICABLE
trading_system_postgresql,public,engine_shadow_comparisons,15,rust_decision_digest,text,true,false,false,false,NAME_AND_TYPE_INFERRED_E2_REQUIRED,NON_SECRET_METADATA,,false,NOT_TIME_BEARING,NOT_APPLICABLE,NOT_APPLICABLE
trading_system_postgresql,public,engine_shadow_comparisons,16,matches,boolean,false,false,false,false,NAME_AND_TYPE_INFERRED_E2_REQUIRED,NON_SECRET_METADATA,,false,NOT_TIME_BEARING,NOT_APPLICABLE,NOT_APPLICABLE
trading_system_postgresql,public,engine_shadow_comparisons,17,divergence_reason,text,true,false,false,false,NAME_AND_TYPE_INFERRED_E2_REQUIRED,NON_SECRET_METADATA,,false,NOT_TIME_BEARING,NOT_APPLICABLE,NOT_APPLICABLE
trading_system_postgresql,public,engine_shadow_comparisons,18,latency_ms,"numeric(18,6)",true,false,false,false,NAME_AND_TYPE_INFERRED_E2_REQUIRED,NON_SECRET_METADATA,,true,EPOCH_MILLISECONDS_NAME_INFERRED,MILLISECONDS,E2_CLOCK_AUTHORITY_REQUIRED
trading_system_postgresql,public,engine_shadow_comparisons,19,redacted_input_evidence,jsonb,false,true,false,false,NAME_AND_TYPE_INFERRED_E2_REQUIRED,NON_SECRET_METADATA,,false,NOT_TIME_BEARING,NOT_APPLICABLE,NOT_APPLICABLE
trading_system_postgresql,public,engine_shadow_comparisons,20,python_output,jsonb,false,true,false,false,NAME_AND_TYPE_INFERRED_E2_REQUIRED,NON_SECRET_METADATA,,false,NOT_TIME_BEARING,NOT_APPLICABLE,NOT_APPLICABLE
trading_system_postgresql,public,engine_shadow_comparisons,21,rust_output,jsonb,true,false,false,false,NAME_AND_TYPE_INFERRED_E2_REQUIRED,NON_SECRET_METADATA,,false,NOT_TIME_BEARING,NOT_APPLICABLE,NOT_APPLICABLE
trading_system_postgresql,public,engine_shadow_comparisons,22,created_at,timestamp with time zone,false,true,false,false,NAME_AND_TYPE_INFERRED_E2_REQUIRED,NON_SECRET_METADATA,,true,TIMESTAMPTZ_DB_DECLARED,DATABASE_TIMESTAMP_PRECISION,OFFSET_AWARE_DATABASE_TYPE
trading_system_postgresql,public,event_idempotency,1,scope,text,false,false,false,false,NAME_AND_TYPE_INFERRED_E2_REQUIRED,NON_SECRET_METADATA,,false,NOT_TIME_BEARING,NOT_APPLICABLE,NOT_APPLICABLE
trading_system_postgresql,public,event_idempotency,2,idempotency_key,text,false,false,false,false,NAME_AND_TYPE_INFERRED_E2_REQUIRED,NON_SECRET_METADATA,,false,NOT_TIME_BEARING,NOT_APPLICABLE,NOT_APPLICABLE
trading_system_postgresql,public,event_idempotency,3,payload_hash,text,false,false,false,false,NAME_AND_TYPE_INFERRED_E2_REQUIRED,MAY_CONTAIN_SENSITIVE_STRUCTURED_DATA,,false,NOT_TIME_BEARING,NOT_APPLICABLE,NOT_APPLICABLE
trading_system_postgresql,public,event_idempotency,4,event_id,uuid,true,false,false,false,NAME_AND_TYPE_INFERRED_E2_REQUIRED,NON_SECRET_METADATA,,false,NOT_TIME_BEARING,NOT_APPLICABLE,NOT_APPLICABLE
trading_system_postgresql,public,event_idempotency,5,created_at,timestamp with time zone,false,true,false,false,NAME_AND_TYPE_INFERRED_E2_REQUIRED,NON_SECRET_METADATA,,true,TIMESTAMPTZ_DB_DECLARED,DATABASE_TIMESTAMP_PRECISION,OFFSET_AWARE_DATABASE_TYPE
trading_system_postgresql,public,event_idempotency,6,expires_at,timestamp with time zone,true,false,false,false,NAME_AND_TYPE_INFERRED_E2_REQUIRED,NON_SECRET_METADATA,,true,TIMESTAMPTZ_DB_DECLARED,DATABASE_TIMESTAMP_PRECISION,OFFSET_AWARE_DATABASE_TYPE
trading_system_postgresql,public,execution_command_outbox,1,command_id,uuid,false,true,false,false,NAME_AND_TYPE_INFERRED_E2_REQUIRED,NON_SECRET_METADATA,,false,NOT_TIME_BEARING,NOT_APPLICABLE,NOT_APPLICABLE
trading_system_postgresql,public,execution_command_outbox,2,idempotency_key,text,false,false,false,false,NAME_AND_TYPE_INFERRED_E2_REQUIRED,NON_SECRET_METADATA,,false,NOT_TIME_BEARING,NOT_APPLICABLE,NOT_APPLICABLE
trading_system_postgresql,public,execution_command_outbox,3,group_id,text,false,false,false,false,NAME_AND_TYPE_INFERRED_E2_REQUIRED,NON_SECRET_METADATA,,false,NOT_TIME_BEARING,NOT_APPLICABLE,NOT_APPLICABLE
trading_system_postgresql,public,execution_command_outbox,4,leg_id,text,false,false,false,false,NAME_AND_TYPE_INFERRED_E2_REQUIRED,NON_SECRET_METADATA,,false,NOT_TIME_BEARING,NOT_APPLICABLE,NOT_APPLICABLE
trading_system_postgresql,public,execution_command_outbox,5,source_event_id,text,true,false,false,false,NAME_AND_TYPE_INFERRED_E2_REQUIRED,NON_SECRET_METADATA,,false,NOT_TIME_BEARING,NOT_APPLICABLE,NOT_APPLICABLE
trading_system_postgresql,public,execution_command_outbox,6,command_type,text,false,false,false,false,NAME_AND_TYPE_INFERRED_E2_REQUIRED,NON_SECRET_METADATA,,false,NOT_TIME_BEARING,NOT_APPLICABLE,NOT_APPLICABLE
trading_system_postgresql,public,execution_command_outbox,7,command_payload,jsonb,false,false,false,false,NAME_AND_TYPE_INFERRED_E2_REQUIRED,MAY_CONTAIN_SENSITIVE_STRUCTURED_DATA,,false,NOT_TIME_BEARING,NOT_APPLICABLE,NOT_APPLICABLE
trading_system_postgresql,public,execution_command_outbox,8,state,text,false,true,false,false,NAME_AND_TYPE_INFERRED_E2_REQUIRED,NON_SECRET_METADATA,,false,NOT_TIME_BEARING,NOT_APPLICABLE,NOT_APPLICABLE
trading_system_postgresql,public,execution_command_outbox,9,attempts,integer,false,true,false,false,NAME_AND_TYPE_INFERRED_E2_REQUIRED,NON_SECRET_METADATA,,false,NOT_TIME_BEARING,NOT_APPLICABLE,NOT_APPLICABLE
trading_system_postgresql,public,execution_command_outbox,10,next_attempt_at,timestamp with time zone,false,true,false,false,NAME_AND_TYPE_INFERRED_E2_REQUIRED,NON_SECRET_METADATA,,true,TIMESTAMPTZ_DB_DECLARED,DATABASE_TIMESTAMP_PRECISION,OFFSET_AWARE_DATABASE_TYPE
trading_system_postgresql,public,execution_command_outbox,11,locked_at,timestamp with time zone,true,false,false,false,NAME_AND_TYPE_INFERRED_E2_REQUIRED,NON_SECRET_METADATA,,true,TIMESTAMPTZ_DB_DECLARED,DATABASE_TIMESTAMP_PRECISION,OFFSET_AWARE_DATABASE_TYPE
trading_system_postgresql,public,execution_command_outbox,12,dispatched_at,timestamp with time zone,true,false,false,false,NAME_AND_TYPE_INFERRED_E2_REQUIRED,NON_SECRET_METADATA,,true,TIMESTAMPTZ_DB_DECLARED,DATABASE_TIMESTAMP_PRECISION,OFFSET_AWARE_DATABASE_TYPE
trading_system_postgresql,public,execution_command_outbox,13,last_error,text,true,false,false,false,NAME_AND_TYPE_INFERRED_E2_REQUIRED,NON_SECRET_METADATA,,false,NOT_TIME_BEARING,NOT_APPLICABLE,NOT_APPLICABLE
trading_system_postgresql,public,execution_command_outbox,14,created_at,timestamp with time zone,false,true,false,false,NAME_AND_TYPE_INFERRED_E2_REQUIRED,NON_SECRET_METADATA,,true,TIMESTAMPTZ_DB_DECLARED,DATABASE_TIMESTAMP_PRECISION,OFFSET_AWARE_DATABASE_TYPE
trading_system_postgresql,public,execution_replay_jobs,1,replay_id,text,false,false,false,false,NAME_AND_TYPE_INFERRED_E2_REQUIRED,NON_SECRET_METADATA,,false,NOT_TIME_BEARING,NOT_APPLICABLE,NOT_APPLICABLE
trading_system_postgresql,public,execution_replay_jobs,2,status,text,false,true,false,false,NAME_AND_TYPE_INFERRED_E2_REQUIRED,NON_SECRET_METADATA,,false,NOT_TIME_BEARING,NOT_APPLICABLE,NOT_APPLICABLE
trading_system_postgresql,public,execution_replay_jobs,3,schema_version,text,false,false,false,false,NAME_AND_TYPE_INFERRED_E2_REQUIRED,NON_SECRET_METADATA,,false,NOT_TIME_BEARING,NOT_APPLICABLE,NOT_APPLICABLE
trading_system_postgresql,public,execution_replay_jobs,4,manifest,jsonb,false,false,false,false,NAME_AND_TYPE_INFERRED_E2_REQUIRED,NON_SECRET_METADATA,,false,NOT_TIME_BEARING,NOT_APPLICABLE,NOT_APPLICABLE
trading_system_postgresql,public,execution_replay_jobs,5,artifact_metadata,jsonb,false,true,false,false,NAME_AND_TYPE_INFERRED_E2_REQUIRED,MAY_CONTAIN_SENSITIVE_STRUCTURED_DATA,,false,NOT_TIME_BEARING,NOT_APPLICABLE,NOT_APPLICABLE
trading_system_postgresql,public,execution_replay_jobs,6,oracle,jsonb,true,false,false,false,NAME_AND_TYPE_INFERRED_E2_REQUIRED,NON_SECRET_METADATA,,false,NOT_TIME_BEARING,NOT_APPLICABLE,NOT_APPLICABLE
trading_system_postgresql,public,execution_replay_jobs,7,result,jsonb,true,false,false,false,NAME_AND_TYPE_INFERRED_E2_REQUIRED,NON_SECRET_METADATA,,false,NOT_TIME_BEARING,NOT_APPLICABLE,NOT_APPLICABLE
trading_system_postgresql,public,execution_replay_jobs,8,digest,text,true,false,false,false,NAME_AND_TYPE_INFERRED_E2_REQUIRED,NON_SECRET_METADATA,,false,NOT_TIME_BEARING,NOT_APPLICABLE,NOT_APPLICABLE
trading_system_postgresql,public,execution_replay_jobs,9,certification_level,text,true,false,false,false,NAME_AND_TYPE_INFERRED_E2_REQUIRED,NON_SECRET_METADATA,,false,NOT_TIME_BEARING,NOT_APPLICABLE,NOT_APPLICABLE
trading_system_postgresql,public,execution_replay_jobs,10,mismatch_count,integer,false,true,false,false,NAME_AND_TYPE_INFERRED_E2_REQUIRED,NON_SECRET_METADATA,,false,NOT_TIME_BEARING,NOT_APPLICABLE,NOT_APPLICABLE
trading_system_postgresql,public,execution_replay_jobs,11,error,text,true,false,false,false,NAME_AND_TYPE_INFERRED_E2_REQUIRED,NON_SECRET_METADATA,,false,NOT_TIME_BEARING,NOT_APPLICABLE,NOT_APPLICABLE
trading_system_postgresql,public,execution_replay_jobs,12,created_at,timestamp with time zone,false,true,false,false,NAME_AND_TYPE_INFERRED_E2_REQUIRED,NON_SECRET_METADATA,,true,TIMESTAMPTZ_DB_DECLARED,DATABASE_TIMESTAMP_PRECISION,OFFSET_AWARE_DATABASE_TYPE
trading_system_postgresql,public,execution_replay_jobs,13,started_at,timestamp with time zone,true,false,false,false,NAME_AND_TYPE_INFERRED_E2_REQUIRED,NON_SECRET_METADATA,,true,TIMESTAMPTZ_DB_DECLARED,DATABASE_TIMESTAMP_PRECISION,OFFSET_AWARE_DATABASE_TYPE
trading_system_postgresql,public,execution_replay_jobs,14,completed_at,timestamp with time zone,true,false,false,false,NAME_AND_TYPE_INFERRED_E2_REQUIRED,NON_SECRET_METADATA,,true,TIMESTAMPTZ_DB_DECLARED,DATABASE_TIMESTAMP_PRECISION,OFFSET_AWARE_DATABASE_TYPE
trading_system_postgresql,public,execution_replay_jobs,15,updated_at,timestamp with time zone,false,true,false,false,NAME_AND_TYPE_INFERRED_E2_REQUIRED,NON_SECRET_METADATA,,true,TIMESTAMPTZ_DB_DECLARED,DATABASE_TIMESTAMP_PRECISION,OFFSET_AWARE_DATABASE_TYPE
trading_system_postgresql,public,execution_sessions,1,execution_session_id,text,false,false,false,false,SCOPE_DIMENSION_NAME_INFERRED_E2_REQUIRED,NON_SECRET_METADATA,session,false,NOT_TIME_BEARING,NOT_APPLICABLE,NOT_APPLICABLE
trading_system_postgresql,public,execution_sessions,2,strategy_id,text,false,false,false,false,SCOPE_DIMENSION_NAME_INFERRED_E2_REQUIRED,NON_SECRET_METADATA,strategy,false,NOT_TIME_BEARING,NOT_APPLICABLE,NOT_APPLICABLE
trading_system_postgresql,public,execution_sessions,3,account_id,text,false,false,false,false,SCOPE_DIMENSION_NAME_INFERRED_E2_REQUIRED,NON_SECRET_METADATA,account,false,NOT_TIME_BEARING,NOT_APPLICABLE,NOT_APPLICABLE
trading_system_postgresql,public,execution_sessions,4,mode,text,false,false,false,false,SCOPE_DIMENSION_NAME_INFERRED_E2_REQUIRED,NON_SECRET_METADATA,mode,false,NOT_TIME_BEARING,NOT_APPLICABLE,NOT_APPLICABLE
trading_system_postgresql,public,execution_sessions,5,venue,text,false,false,false,false,SCOPE_DIMENSION_NAME_INFERRED_E2_REQUIRED,NON_SECRET_METADATA,venue,false,NOT_TIME_BEARING,NOT_APPLICABLE,NOT_APPLICABLE
trading_system_postgresql,public,execution_sessions,6,cycle_key,text,true,false,false,false,NAME_AND_TYPE_INFERRED_E2_REQUIRED,NON_SECRET_METADATA,,false,NOT_TIME_BEARING,NOT_APPLICABLE,NOT_APPLICABLE
trading_system_postgresql,public,execution_sessions,7,state,text,false,true,false,false,NAME_AND_TYPE_INFERRED_E2_REQUIRED,NON_SECRET_METADATA,,false,NOT_TIME_BEARING,NOT_APPLICABLE,NOT_APPLICABLE
trading_system_postgresql,public,execution_sessions,8,submitted_count,integer,false,true,false,false,NAME_AND_TYPE_INFERRED_E2_REQUIRED,NON_SECRET_METADATA,,false,NOT_TIME_BEARING,NOT_APPLICABLE,NOT_APPLICABLE
trading_system_postgresql,public,execution_sessions,9,risk_approved_count,integer,false,true,false,false,NAME_AND_TYPE_INFERRED_E2_REQUIRED,NON_SECRET_METADATA,,false,NOT_TIME_BEARING,NOT_APPLICABLE,NOT_APPLICABLE
trading_system_postgresql,public,execution_sessions,10,risk_rejected_count,integer,false,true,false,false,NAME_AND_TYPE_INFERRED_E2_REQUIRED,NON_SECRET_METADATA,,false,NOT_TIME_BEARING,NOT_APPLICABLE,NOT_APPLICABLE
trading_system_postgresql,public,execution_sessions,11,sent_count,integer,false,true,false,false,NAME_AND_TYPE_INFERRED_E2_REQUIRED,NON_SECRET_METADATA,,false,NOT_TIME_BEARING,NOT_APPLICABLE,NOT_APPLICABLE
trading_system_postgresql,public,execution_sessions,12,filled_count,integer,false,true,false,false,NAME_AND_TYPE_INFERRED_E2_REQUIRED,NON_SECRET_METADATA,,false,NOT_TIME_BEARING,NOT_APPLICABLE,NOT_APPLICABLE
trading_system_postgresql,public,execution_sessions,13,partial_fill_count,integer,false,true,false,false,NAME_AND_TYPE_INFERRED_E2_REQUIRED,NON_SECRET_METADATA,,false,NOT_TIME_BEARING,NOT_APPLICABLE,NOT_APPLICABLE
trading_system_postgresql,public,execution_sessions,14,broker_rejected_count,integer,false,true,false,false,NAME_AND_TYPE_INFERRED_E2_REQUIRED,NON_SECRET_METADATA,,false,NOT_TIME_BEARING,NOT_APPLICABLE,NOT_APPLICABLE
trading_system_postgresql,public,execution_sessions,15,accounting_recovered_count,integer,false,true,false,false,NAME_AND_TYPE_INFERRED_E2_REQUIRED,NON_SECRET_METADATA,,false,NOT_TIME_BEARING,NOT_APPLICABLE,NOT_APPLICABLE
trading_system_postgresql,public,execution_sessions,16,reconciliation_deferred_count,integer,false,true,false,false,NAME_AND_TYPE_INFERRED_E2_REQUIRED,NON_SECRET_METADATA,,false,NOT_TIME_BEARING,NOT_APPLICABLE,NOT_APPLICABLE
trading_system_postgresql,public,execution_sessions,17,reconciliation_actionable_count,integer,false,true,false,false,NAME_AND_TYPE_INFERRED_E2_REQUIRED,NON_SECRET_METADATA,,false,NOT_TIME_BEARING,NOT_APPLICABLE,NOT_APPLICABLE
trading_system_postgresql,public,execution_sessions,18,metadata,jsonb,false,true,false,false,NAME_AND_TYPE_INFERRED_E2_REQUIRED,MAY_CONTAIN_SENSITIVE_STRUCTURED_DATA,,false,NOT_TIME_BEARING,NOT_APPLICABLE,NOT_APPLICABLE
trading_system_postgresql,public,execution_sessions,19,started_at,timestamp with time zone,false,true,false,false,NAME_AND_TYPE_INFERRED_E2_REQUIRED,NON_SECRET_METADATA,,true,TIMESTAMPTZ_DB_DECLARED,DATABASE_TIMESTAMP_PRECISION,OFFSET_AWARE_DATABASE_TYPE
trading_system_postgresql,public,execution_sessions,20,updated_at,timestamp with time zone,false,true,false,false,NAME_AND_TYPE_INFERRED_E2_REQUIRED,NON_SECRET_METADATA,,true,TIMESTAMPTZ_DB_DECLARED,DATABASE_TIMESTAMP_PRECISION,OFFSET_AWARE_DATABASE_TYPE
trading_system_postgresql,public,execution_sessions,21,completed_at,timestamp with time zone,true,false,false,false,NAME_AND_TYPE_INFERRED_E2_REQUIRED,NON_SECRET_METADATA,,true,TIMESTAMPTZ_DB_DECLARED,DATABASE_TIMESTAMP_PRECISION,OFFSET_AWARE_DATABASE_TYPE
trading_system_postgresql,public,fills,1,fill_id,bigint,false,true,false,false,NAME_AND_TYPE_INFERRED_E2_REQUIRED,NON_SECRET_METADATA,,false,NOT_TIME_BEARING,NOT_APPLICABLE,NOT_APPLICABLE
trading_system_postgresql,public,fills,2,event_id,uuid,true,false,false,false,NAME_AND_TYPE_INFERRED_E2_REQUIRED,NON_SECRET_METADATA,,false,NOT_TIME_BEARING,NOT_APPLICABLE,NOT_APPLICABLE
trading_system_postgresql,public,fills,3,trade_time,timestamp with time zone,false,false,false,false,NAME_AND_TYPE_INFERRED_E2_REQUIRED,NON_SECRET_METADATA,,true,TIMESTAMPTZ_DB_DECLARED,DATABASE_TIMESTAMP_PRECISION,OFFSET_AWARE_DATABASE_TYPE
trading_system_postgresql,public,fills,4,trade_id,text,true,false,false,false,NAME_AND_TYPE_INFERRED_E2_REQUIRED,NON_SECRET_METADATA,,false,NOT_TIME_BEARING,NOT_APPLICABLE,NOT_APPLICABLE
trading_system_postgresql,public,fills,5,client_order_id,text,false,false,false,false,NAME_AND_TYPE_INFERRED_E2_REQUIRED,NON_SECRET_METADATA,,false,NOT_TIME_BEARING,NOT_APPLICABLE,NOT_APPLICABLE
trading_system_postgresql,public,fills,6,venue_order_id,text,true,false,false,false,NAME_AND_TYPE_INFERRED_E2_REQUIRED,NON_SECRET_METADATA,,false,NOT_TIME_BEARING,NOT_APPLICABLE,NOT_APPLICABLE
trading_system_postgresql,public,fills,7,strategy_id,text,true,false,false,false,SCOPE_DIMENSION_NAME_INFERRED_E2_REQUIRED,NON_SECRET_METADATA,strategy,false,NOT_TIME_BEARING,NOT_APPLICABLE,NOT_APPLICABLE
trading_system_postgresql,public,fills,8,account_id,text,true,false,false,false,SCOPE_DIMENSION_NAME_INFERRED_E2_REQUIRED,NON_SECRET_METADATA,account,false,NOT_TIME_BEARING,NOT_APPLICABLE,NOT_APPLICABLE
trading_system_postgresql,public,fills,9,mode,text,false,false,false,false,SCOPE_DIMENSION_NAME_INFERRED_E2_REQUIRED,NON_SECRET_METADATA,mode,false,NOT_TIME_BEARING,NOT_APPLICABLE,NOT_APPLICABLE
trading_system_postgresql,public,fills,10,venue,text,false,false,false,false,SCOPE_DIMENSION_NAME_INFERRED_E2_REQUIRED,NON_SECRET_METADATA,venue,false,NOT_TIME_BEARING,NOT_APPLICABLE,NOT_APPLICABLE
trading_system_postgresql,public,fills,11,instrument_id,text,false,false,false,false,SCOPE_DIMENSION_NAME_INFERRED_E2_REQUIRED,NON_SECRET_METADATA,instrument,false,NOT_TIME_BEARING,NOT_APPLICABLE,NOT_APPLICABLE
trading_system_postgresql,public,fills,12,side,text,false,false,false,false,NAME_AND_TYPE_INFERRED_E2_REQUIRED,NON_SECRET_METADATA,,false,NOT_TIME_BEARING,NOT_APPLICABLE,NOT_APPLICABLE
trading_system_postgresql,public,fills,13,price,"numeric(38,18)",false,false,false,false,NAME_AND_TYPE_INFERRED_E2_REQUIRED,NON_SECRET_METADATA,,false,NOT_TIME_BEARING,NOT_APPLICABLE,NOT_APPLICABLE
trading_system_postgresql,public,fills,14,quantity,"numeric(38,18)",false,false,false,false,NAME_AND_TYPE_INFERRED_E2_REQUIRED,NON_SECRET_METADATA,,false,NOT_TIME_BEARING,NOT_APPLICABLE,NOT_APPLICABLE
trading_system_postgresql,public,fills,15,commission,"numeric(38,18)",false,true,false,false,NAME_AND_TYPE_INFERRED_E2_REQUIRED,NON_SECRET_METADATA,,false,NOT_TIME_BEARING,NOT_APPLICABLE,NOT_APPLICABLE
trading_system_postgresql,public,fills,16,commission_currency,text,true,false,false,false,NAME_AND_TYPE_INFERRED_E2_REQUIRED,NON_SECRET_METADATA,,false,NOT_TIME_BEARING,NOT_APPLICABLE,NOT_APPLICABLE
trading_system_postgresql,public,fills,17,liquidity_side,text,true,false,false,false,NAME_AND_TYPE_INFERRED_E2_REQUIRED,NON_SECRET_METADATA,,false,NOT_TIME_BEARING,NOT_APPLICABLE,NOT_APPLICABLE
trading_system_postgresql,public,fills,18,realized_pnl,"numeric(38,18)",false,true,false,false,NAME_AND_TYPE_INFERRED_E2_REQUIRED,NON_SECRET_METADATA,,false,NOT_TIME_BEARING,NOT_APPLICABLE,NOT_APPLICABLE
trading_system_postgresql,public,fills,19,raw,jsonb,true,false,false,false,NAME_AND_TYPE_INFERRED_E2_REQUIRED,NON_SECRET_METADATA,,false,NOT_TIME_BEARING,NOT_APPLICABLE,NOT_APPLICABLE
trading_system_postgresql,public,fills,20,execution_session_id,text,true,false,false,false,SCOPE_DIMENSION_NAME_INFERRED_E2_REQUIRED,NON_SECRET_METADATA,session,false,NOT_TIME_BEARING,NOT_APPLICABLE,NOT_APPLICABLE
trading_system_postgresql,public,funding_accruals,1,id,bigint,false,true,false,false,NAME_AND_TYPE_INFERRED_E2_REQUIRED,NON_SECRET_METADATA,,false,NOT_TIME_BEARING,NOT_APPLICABLE,NOT_APPLICABLE
trading_system_postgresql,public,funding_accruals,2,ts,timestamp with time zone,false,false,false,false,NAME_AND_TYPE_INFERRED_E2_REQUIRED,NON_SECRET_METADATA,,true,TIMESTAMPTZ_DB_DECLARED,DATABASE_TIMESTAMP_PRECISION,OFFSET_AWARE_DATABASE_TYPE
trading_system_postgresql,public,funding_accruals,3,deployment_id,text,false,false,false,false,SCOPE_DIMENSION_NAME_INFERRED_E2_REQUIRED,NON_SECRET_METADATA,deployment,false,NOT_TIME_BEARING,NOT_APPLICABLE,NOT_APPLICABLE
trading_system_postgresql,public,funding_accruals,4,strategy_id,text,false,false,false,false,SCOPE_DIMENSION_NAME_INFERRED_E2_REQUIRED,NON_SECRET_METADATA,strategy,false,NOT_TIME_BEARING,NOT_APPLICABLE,NOT_APPLICABLE
trading_system_postgresql,public,funding_accruals,5,account_id,text,false,false,false,false,SCOPE_DIMENSION_NAME_INFERRED_E2_REQUIRED,NON_SECRET_METADATA,account,false,NOT_TIME_BEARING,NOT_APPLICABLE,NOT_APPLICABLE
trading_system_postgresql,public,funding_accruals,6,mode,text,false,false,false,false,SCOPE_DIMENSION_NAME_INFERRED_E2_REQUIRED,NON_SECRET_METADATA,mode,false,NOT_TIME_BEARING,NOT_APPLICABLE,NOT_APPLICABLE
trading_system_postgresql,public,funding_accruals,7,venue,text,false,false,false,false,SCOPE_DIMENSION_NAME_INFERRED_E2_REQUIRED,NON_SECRET_METADATA,venue,false,NOT_TIME_BEARING,NOT_APPLICABLE,NOT_APPLICABLE
trading_system_postgresql,public,funding_accruals,8,instrument_id,text,false,false,false,false,SCOPE_DIMENSION_NAME_INFERRED_E2_REQUIRED,NON_SECRET_METADATA,instrument,false,NOT_TIME_BEARING,NOT_APPLICABLE,NOT_APPLICABLE
trading_system_postgresql,public,funding_accruals,9,currency,text,true,false,false,false,NAME_AND_TYPE_INFERRED_E2_REQUIRED,NON_SECRET_METADATA,,false,NOT_TIME_BEARING,NOT_APPLICABLE,NOT_APPLICABLE
trading_system_postgresql,public,funding_accruals,10,funding_rate,"numeric(38,18)",false,true,false,false,NAME_AND_TYPE_INFERRED_E2_REQUIRED,NON_SECRET_METADATA,,false,NOT_TIME_BEARING,NOT_APPLICABLE,NOT_APPLICABLE
trading_system_postgresql,public,funding_accruals,11,notional,"numeric(38,18)",false,true,false,false,NAME_AND_TYPE_INFERRED_E2_REQUIRED,NON_SECRET_METADATA,,false,NOT_TIME_BEARING,NOT_APPLICABLE,NOT_APPLICABLE
trading_system_postgresql,public,funding_accruals,12,amount,"numeric(38,18)",false,true,false,false,NAME_AND_TYPE_INFERRED_E2_REQUIRED,NON_SECRET_METADATA,,false,NOT_TIME_BEARING,NOT_APPLICABLE,NOT_APPLICABLE
trading_system_postgresql,public,funding_accruals,13,source,text,false,true,false,false,NAME_AND_TYPE_INFERRED_E2_REQUIRED,NON_SECRET_METADATA,,false,NOT_TIME_BEARING,NOT_APPLICABLE,NOT_APPLICABLE
trading_system_postgresql,public,funding_accruals,14,raw,jsonb,false,true,false,false,NAME_AND_TYPE_INFERRED_E2_REQUIRED,NON_SECRET_METADATA,,false,NOT_TIME_BEARING,NOT_APPLICABLE,NOT_APPLICABLE
trading_system_postgresql,public,funding_accruals,15,created_at,timestamp with time zone,false,true,false,false,NAME_AND_TYPE_INFERRED_E2_REQUIRED,NON_SECRET_METADATA,,true,TIMESTAMPTZ_DB_DECLARED,DATABASE_TIMESTAMP_PRECISION,OFFSET_AWARE_DATABASE_TYPE
trading_system_postgresql,public,funding_rates,1,symbol,text,false,false,false,false,SCOPE_DIMENSION_NAME_INFERRED_E2_REQUIRED,NON_SECRET_METADATA,instrument,false,NOT_TIME_BEARING,NOT_APPLICABLE,NOT_APPLICABLE
trading_system_postgresql,public,funding_rates,2,funding_rate,double precision,true,true,false,false,NAME_AND_TYPE_INFERRED_E2_REQUIRED,NON_SECRET_METADATA,,false,NOT_TIME_BEARING,NOT_APPLICABLE,NOT_APPLICABLE
trading_system_postgresql,public,funding_rates,3,next_funding_time,timestamp with time zone,true,false,false,false,NAME_AND_TYPE_INFERRED_E2_REQUIRED,NON_SECRET_METADATA,,true,TIMESTAMPTZ_DB_DECLARED,DATABASE_TIMESTAMP_PRECISION,OFFSET_AWARE_DATABASE_TYPE
trading_system_postgresql,public,funding_rates,4,last_fetched,timestamp with time zone,true,true,false,false,NAME_AND_TYPE_INFERRED_E2_REQUIRED,NON_SECRET_METADATA,,true,TIMESTAMPTZ_DB_DECLARED,DATABASE_TIMESTAMP_PRECISION,OFFSET_AWARE_DATABASE_TYPE
trading_system_postgresql,public,instrument_aliases,1,venue,text,false,false,false,false,SCOPE_DIMENSION_NAME_INFERRED_E2_REQUIRED,NON_SECRET_METADATA,venue,false,NOT_TIME_BEARING,NOT_APPLICABLE,NOT_APPLICABLE
trading_system_postgresql,public,instrument_aliases,2,product,text,false,false,false,false,NAME_AND_TYPE_INFERRED_E2_REQUIRED,NON_SECRET_METADATA,,false,NOT_TIME_BEARING,NOT_APPLICABLE,NOT_APPLICABLE
trading_system_postgresql,public,instrument_aliases,3,alias,text,false,false,false,false,NAME_AND_TYPE_INFERRED_E2_REQUIRED,NON_SECRET_METADATA,,false,NOT_TIME_BEARING,NOT_APPLICABLE,NOT_APPLICABLE
trading_system_postgresql,public,instrument_aliases,4,canonical_instrument_id,text,false,false,false,false,SCOPE_DIMENSION_NAME_INFERRED_E2_REQUIRED,NON_SECRET_METADATA,instrument,false,NOT_TIME_BEARING,NOT_APPLICABLE,NOT_APPLICABLE
trading_system_postgresql,public,instrument_aliases,5,alias_type,text,false,true,false,false,NAME_AND_TYPE_INFERRED_E2_REQUIRED,NON_SECRET_METADATA,,false,NOT_TIME_BEARING,NOT_APPLICABLE,NOT_APPLICABLE
trading_system_postgresql,public,instrument_aliases,6,active,boolean,false,true,false,false,NAME_AND_TYPE_INFERRED_E2_REQUIRED,NON_SECRET_METADATA,,false,NOT_TIME_BEARING,NOT_APPLICABLE,NOT_APPLICABLE
trading_system_postgresql,public,instrument_aliases,7,created_at,timestamp with time zone,false,true,false,false,NAME_AND_TYPE_INFERRED_E2_REQUIRED,NON_SECRET_METADATA,,true,TIMESTAMPTZ_DB_DECLARED,DATABASE_TIMESTAMP_PRECISION,OFFSET_AWARE_DATABASE_TYPE
trading_system_postgresql,public,instrument_aliases,8,updated_at,timestamp with time zone,false,true,false,false,NAME_AND_TYPE_INFERRED_E2_REQUIRED,NON_SECRET_METADATA,,true,TIMESTAMPTZ_DB_DECLARED,DATABASE_TIMESTAMP_PRECISION,OFFSET_AWARE_DATABASE_TYPE
trading_system_postgresql,public,instrument_metadata_history,1,history_id,bigint,false,true,false,false,NAME_AND_TYPE_INFERRED_E2_REQUIRED,NON_SECRET_METADATA,,false,NOT_TIME_BEARING,NOT_APPLICABLE,NOT_APPLICABLE
trading_system_postgresql,public,instrument_metadata_history,2,canonical_instrument_id,text,false,false,false,false,SCOPE_DIMENSION_NAME_INFERRED_E2_REQUIRED,NON_SECRET_METADATA,instrument,false,NOT_TIME_BEARING,NOT_APPLICABLE,NOT_APPLICABLE
trading_system_postgresql,public,instrument_metadata_history,3,previous_metadata_version,text,true,false,false,false,NAME_AND_TYPE_INFERRED_E2_REQUIRED,MAY_CONTAIN_SENSITIVE_STRUCTURED_DATA,,false,NOT_TIME_BEARING,NOT_APPLICABLE,NOT_APPLICABLE
trading_system_postgresql,public,instrument_metadata_history,4,metadata_version,text,true,false,false,false,NAME_AND_TYPE_INFERRED_E2_REQUIRED,MAY_CONTAIN_SENSITIVE_STRUCTURED_DATA,,false,NOT_TIME_BEARING,NOT_APPLICABLE,NOT_APPLICABLE
trading_system_postgresql,public,instrument_metadata_history,5,previous_metadata,jsonb,false,true,false,false,NAME_AND_TYPE_INFERRED_E2_REQUIRED,MAY_CONTAIN_SENSITIVE_STRUCTURED_DATA,,false,NOT_TIME_BEARING,NOT_APPLICABLE,NOT_APPLICABLE
trading_system_postgresql,public,instrument_metadata_history,6,metadata,jsonb,false,true,false,false,NAME_AND_TYPE_INFERRED_E2_REQUIRED,MAY_CONTAIN_SENSITIVE_STRUCTURED_DATA,,false,NOT_TIME_BEARING,NOT_APPLICABLE,NOT_APPLICABLE
trading_system_postgresql,public,instrument_metadata_history,7,changed_fields,text[],false,true,false,false,NAME_AND_TYPE_INFERRED_E2_REQUIRED,NON_SECRET_METADATA,,false,NOT_TIME_BEARING,NOT_APPLICABLE,NOT_APPLICABLE
trading_system_postgresql,public,instrument_metadata_history,8,changed_at,timestamp with time zone,false,true,false,false,NAME_AND_TYPE_INFERRED_E2_REQUIRED,NON_SECRET_METADATA,,true,TIMESTAMPTZ_DB_DECLARED,DATABASE_TIMESTAMP_PRECISION,OFFSET_AWARE_DATABASE_TYPE
trading_system_postgresql,public,instruments,1,instrument_id,text,false,false,false,false,SCOPE_DIMENSION_NAME_INFERRED_E2_REQUIRED,NON_SECRET_METADATA,instrument,false,NOT_TIME_BEARING,NOT_APPLICABLE,NOT_APPLICABLE
trading_system_postgresql,public,instruments,2,venue,text,false,false,false,false,SCOPE_DIMENSION_NAME_INFERRED_E2_REQUIRED,NON_SECRET_METADATA,venue,false,NOT_TIME_BEARING,NOT_APPLICABLE,NOT_APPLICABLE
trading_system_postgresql,public,instruments,3,symbol,text,false,false,false,false,SCOPE_DIMENSION_NAME_INFERRED_E2_REQUIRED,NON_SECRET_METADATA,instrument,false,NOT_TIME_BEARING,NOT_APPLICABLE,NOT_APPLICABLE
trading_system_postgresql,public,instruments,4,asset_class,text,false,false,false,false,NAME_AND_TYPE_INFERRED_E2_REQUIRED,NON_SECRET_METADATA,,false,NOT_TIME_BEARING,NOT_APPLICABLE,NOT_APPLICABLE
trading_system_postgresql,public,instruments,5,base_currency,text,true,false,false,false,NAME_AND_TYPE_INFERRED_E2_REQUIRED,NON_SECRET_METADATA,,false,NOT_TIME_BEARING,NOT_APPLICABLE,NOT_APPLICABLE
trading_system_postgresql,public,instruments,6,quote_currency,text,true,false,false,false,NAME_AND_TYPE_INFERRED_E2_REQUIRED,NON_SECRET_METADATA,,false,NOT_TIME_BEARING,NOT_APPLICABLE,NOT_APPLICABLE
trading_system_postgresql,public,instruments,7,settlement_currency,text,true,false,false,false,NAME_AND_TYPE_INFERRED_E2_REQUIRED,NON_SECRET_METADATA,,false,NOT_TIME_BEARING,NOT_APPLICABLE,NOT_APPLICABLE
trading_system_postgresql,public,instruments,8,price_precision,integer,false,true,false,false,NAME_AND_TYPE_INFERRED_E2_REQUIRED,NON_SECRET_METADATA,,false,NOT_TIME_BEARING,NOT_APPLICABLE,NOT_APPLICABLE
trading_system_postgresql,public,instruments,9,size_precision,integer,false,true,false,false,NAME_AND_TYPE_INFERRED_E2_REQUIRED,NON_SECRET_METADATA,,false,NOT_TIME_BEARING,NOT_APPLICABLE,NOT_APPLICABLE
trading_system_postgresql,public,instruments,10,tick_size,"numeric(38,18)",true,false,false,false,NAME_AND_TYPE_INFERRED_E2_REQUIRED,NON_SECRET_METADATA,,false,NOT_TIME_BEARING,NOT_APPLICABLE,NOT_APPLICABLE
trading_system_postgresql,public,instruments,11,lot_size,"numeric(38,18)",true,false,false,false,NAME_AND_TYPE_INFERRED_E2_REQUIRED,NON_SECRET_METADATA,,false,NOT_TIME_BEARING,NOT_APPLICABLE,NOT_APPLICABLE
trading_system_postgresql,public,instruments,12,min_qty,"numeric(38,18)",true,false,false,false,NAME_AND_TYPE_INFERRED_E2_REQUIRED,NON_SECRET_METADATA,,false,NOT_TIME_BEARING,NOT_APPLICABLE,NOT_APPLICABLE
trading_system_postgresql,public,instruments,13,max_qty,"numeric(38,18)",true,false,false,false,NAME_AND_TYPE_INFERRED_E2_REQUIRED,NON_SECRET_METADATA,,false,NOT_TIME_BEARING,NOT_APPLICABLE,NOT_APPLICABLE
trading_system_postgresql,public,instruments,14,min_notional,"numeric(38,18)",true,false,false,false,NAME_AND_TYPE_INFERRED_E2_REQUIRED,NON_SECRET_METADATA,,false,NOT_TIME_BEARING,NOT_APPLICABLE,NOT_APPLICABLE
trading_system_postgresql,public,instruments,15,multiplier,"numeric(38,18)",false,true,false,false,NAME_AND_TYPE_INFERRED_E2_REQUIRED,NON_SECRET_METADATA,,false,NOT_TIME_BEARING,NOT_APPLICABLE,NOT_APPLICABLE
trading_system_postgresql,public,instruments,16,margin_init,"numeric(38,18)",true,false,false,false,NAME_AND_TYPE_INFERRED_E2_REQUIRED,NON_SECRET_METADATA,,false,NOT_TIME_BEARING,NOT_APPLICABLE,NOT_APPLICABLE
trading_system_postgresql,public,instruments,17,margin_maint,"numeric(38,18)",true,false,false,false,NAME_AND_TYPE_INFERRED_E2_REQUIRED,NON_SECRET_METADATA,,false,NOT_TIME_BEARING,NOT_APPLICABLE,NOT_APPLICABLE
trading_system_postgresql,public,instruments,18,trading_sessions,jsonb,false,true,false,false,NAME_AND_TYPE_INFERRED_E2_REQUIRED,NON_SECRET_METADATA,,false,NOT_TIME_BEARING,NOT_APPLICABLE,NOT_APPLICABLE
trading_system_postgresql,public,instruments,19,allowed_order_types,text[],false,true,false,false,NAME_AND_TYPE_INFERRED_E2_REQUIRED,NON_SECRET_METADATA,,false,NOT_TIME_BEARING,NOT_APPLICABLE,NOT_APPLICABLE
trading_system_postgresql,public,instruments,20,active,boolean,false,true,false,false,NAME_AND_TYPE_INFERRED_E2_REQUIRED,NON_SECRET_METADATA,,false,NOT_TIME_BEARING,NOT_APPLICABLE,NOT_APPLICABLE
trading_system_postgresql,public,instruments,21,raw_metadata,jsonb,false,true,false,false,NAME_AND_TYPE_INFERRED_E2_REQUIRED,MAY_CONTAIN_SENSITIVE_STRUCTURED_DATA,,false,NOT_TIME_BEARING,NOT_APPLICABLE,NOT_APPLICABLE
trading_system_postgresql,public,instruments,22,updated_at,timestamp with time zone,false,true,false,false,NAME_AND_TYPE_INFERRED_E2_REQUIRED,NON_SECRET_METADATA,,true,TIMESTAMPTZ_DB_DECLARED,DATABASE_TIMESTAMP_PRECISION,OFFSET_AWARE_DATABASE_TYPE
trading_system_postgresql,public,instruments,23,product,text,false,false,false,false,NAME_AND_TYPE_INFERRED_E2_REQUIRED,NON_SECRET_METADATA,,false,NOT_TIME_BEARING,NOT_APPLICABLE,NOT_APPLICABLE
trading_system_postgresql,public,instruments,24,venue_symbol,text,false,false,false,false,NAME_AND_TYPE_INFERRED_E2_REQUIRED,NON_SECRET_METADATA,,false,NOT_TIME_BEARING,NOT_APPLICABLE,NOT_APPLICABLE
trading_system_postgresql,public,instruments,25,canonical_instrument_id,text,false,false,false,false,SCOPE_DIMENSION_NAME_INFERRED_E2_REQUIRED,NON_SECRET_METADATA,instrument,false,NOT_TIME_BEARING,NOT_APPLICABLE,NOT_APPLICABLE
trading_system_postgresql,public,instruments,26,metadata_version,text,true,false,false,false,NAME_AND_TYPE_INFERRED_E2_REQUIRED,MAY_CONTAIN_SENSITIVE_STRUCTURED_DATA,,false,NOT_TIME_BEARING,NOT_APPLICABLE,NOT_APPLICABLE
trading_system_postgresql,public,maintenance_policy_registry,1,policy_id,text,false,false,false,false,NAME_AND_TYPE_INFERRED_E2_REQUIRED,NON_SECRET_METADATA,,false,NOT_TIME_BEARING,NOT_APPLICABLE,NOT_APPLICABLE
trading_system_postgresql,public,maintenance_policy_registry,2,relation_name,text,false,false,false,false,NAME_AND_TYPE_INFERRED_E2_REQUIRED,IDENTIFIER_OR_PERSONAL_DATA_CANDIDATE,,false,NOT_TIME_BEARING,NOT_APPLICABLE,NOT_APPLICABLE
trading_system_postgresql,public,maintenance_policy_registry,3,data_class,text,false,false,false,false,NAME_AND_TYPE_INFERRED_E2_REQUIRED,NON_SECRET_METADATA,,false,NOT_TIME_BEARING,NOT_APPLICABLE,NOT_APPLICABLE
trading_system_postgresql,public,maintenance_policy_registry,4,retention_interval,interval,true,false,false,false,NAME_AND_TYPE_INFERRED_E2_REQUIRED,NON_SECRET_METADATA,,false,NOT_TIME_BEARING,NOT_APPLICABLE,NOT_APPLICABLE
trading_system_postgresql,public,maintenance_policy_registry,5,predicate_sql,text,true,false,false,false,NAME_AND_TYPE_INFERRED_E2_REQUIRED,NON_SECRET_METADATA,,false,NOT_TIME_BEARING,NOT_APPLICABLE,NOT_APPLICABLE
trading_system_postgresql,public,maintenance_policy_registry,6,authority,text,false,false,false,false,NAME_AND_TYPE_INFERRED_E2_REQUIRED,NON_SECRET_METADATA,,false,NOT_TIME_BEARING,NOT_APPLICABLE,NOT_APPLICABLE
trading_system_postgresql,public,maintenance_policy_registry,7,apply_enabled,boolean,false,true,false,false,NAME_AND_TYPE_INFERRED_E2_REQUIRED,NON_SECRET_METADATA,,false,NOT_TIME_BEARING,NOT_APPLICABLE,NOT_APPLICABLE
trading_system_postgresql,public,maintenance_policy_registry,8,immutable,boolean,false,true,false,false,NAME_AND_TYPE_INFERRED_E2_REQUIRED,NON_SECRET_METADATA,,false,NOT_TIME_BEARING,NOT_APPLICABLE,NOT_APPLICABLE
trading_system_postgresql,public,maintenance_policy_registry,9,updated_at,timestamp with time zone,false,true,false,false,NAME_AND_TYPE_INFERRED_E2_REQUIRED,NON_SECRET_METADATA,,true,TIMESTAMPTZ_DB_DECLARED,DATABASE_TIMESTAMP_PRECISION,OFFSET_AWARE_DATABASE_TYPE
trading_system_postgresql,public,maintenance_policy_registry,10,archive_required,boolean,false,true,false,false,NAME_AND_TYPE_INFERRED_E2_REQUIRED,NON_SECRET_METADATA,,false,NOT_TIME_BEARING,NOT_APPLICABLE,NOT_APPLICABLE
trading_system_postgresql,public,maintenance_policy_registry,11,primary_key_columns,text[],false,true,false,false,NAME_AND_TYPE_INFERRED_E2_REQUIRED,NON_SECRET_METADATA,,false,NOT_TIME_BEARING,NOT_APPLICABLE,NOT_APPLICABLE
trading_system_postgresql,public,margin_balances,1,account_id,text,false,false,false,false,SCOPE_DIMENSION_NAME_INFERRED_E2_REQUIRED,NON_SECRET_METADATA,account,false,NOT_TIME_BEARING,NOT_APPLICABLE,NOT_APPLICABLE
trading_system_postgresql,public,margin_balances,2,instrument_id,text,true,false,false,false,SCOPE_DIMENSION_NAME_INFERRED_E2_REQUIRED,NON_SECRET_METADATA,instrument,false,NOT_TIME_BEARING,NOT_APPLICABLE,NOT_APPLICABLE
trading_system_postgresql,public,margin_balances,3,currency,text,false,false,false,false,NAME_AND_TYPE_INFERRED_E2_REQUIRED,NON_SECRET_METADATA,,false,NOT_TIME_BEARING,NOT_APPLICABLE,NOT_APPLICABLE
trading_system_postgresql,public,margin_balances,4,initial,"numeric(38,18)",false,true,false,false,NAME_AND_TYPE_INFERRED_E2_REQUIRED,NON_SECRET_METADATA,,false,NOT_TIME_BEARING,NOT_APPLICABLE,NOT_APPLICABLE
trading_system_postgresql,public,margin_balances,5,maintenance,"numeric(38,18)",false,true,false,false,NAME_AND_TYPE_INFERRED_E2_REQUIRED,NON_SECRET_METADATA,,false,NOT_TIME_BEARING,NOT_APPLICABLE,NOT_APPLICABLE
trading_system_postgresql,public,margin_balances,6,updated_at,timestamp with time zone,false,true,false,false,NAME_AND_TYPE_INFERRED_E2_REQUIRED,NON_SECRET_METADATA,,true,TIMESTAMPTZ_DB_DECLARED,DATABASE_TIMESTAMP_PRECISION,OFFSET_AWARE_DATABASE_TYPE
trading_system_postgresql,public,margin_ledger,1,ledger_id,bigint,false,true,false,false,NAME_AND_TYPE_INFERRED_E2_REQUIRED,NON_SECRET_METADATA,,false,NOT_TIME_BEARING,NOT_APPLICABLE,NOT_APPLICABLE
trading_system_postgresql,public,margin_ledger,2,account_id,text,false,false,false,false,SCOPE_DIMENSION_NAME_INFERRED_E2_REQUIRED,NON_SECRET_METADATA,account,false,NOT_TIME_BEARING,NOT_APPLICABLE,NOT_APPLICABLE
trading_system_postgresql,public,margin_ledger,3,strategy_id,text,true,false,false,false,SCOPE_DIMENSION_NAME_INFERRED_E2_REQUIRED,NON_SECRET_METADATA,strategy,false,NOT_TIME_BEARING,NOT_APPLICABLE,NOT_APPLICABLE
trading_system_postgresql,public,margin_ledger,4,mode,text,false,false,false,false,SCOPE_DIMENSION_NAME_INFERRED_E2_REQUIRED,NON_SECRET_METADATA,mode,false,NOT_TIME_BEARING,NOT_APPLICABLE,NOT_APPLICABLE
trading_system_postgresql,public,margin_ledger,5,venue,text,false,false,false,false,SCOPE_DIMENSION_NAME_INFERRED_E2_REQUIRED,NON_SECRET_METADATA,venue,false,NOT_TIME_BEARING,NOT_APPLICABLE,NOT_APPLICABLE
trading_system_postgresql,public,margin_ledger,6,instrument_id,text,true,false,false,false,SCOPE_DIMENSION_NAME_INFERRED_E2_REQUIRED,NON_SECRET_METADATA,instrument,false,NOT_TIME_BEARING,NOT_APPLICABLE,NOT_APPLICABLE
trading_system_postgresql,public,margin_ledger,7,currency,text,false,false,false,false,NAME_AND_TYPE_INFERRED_E2_REQUIRED,NON_SECRET_METADATA,,false,NOT_TIME_BEARING,NOT_APPLICABLE,NOT_APPLICABLE
trading_system_postgresql,public,margin_ledger,8,initial_delta,"numeric(38,18)",false,true,false,false,NAME_AND_TYPE_INFERRED_E2_REQUIRED,NON_SECRET_METADATA,,false,NOT_TIME_BEARING,NOT_APPLICABLE,NOT_APPLICABLE
trading_system_postgresql,public,margin_ledger,9,maintenance_delta,"numeric(38,18)",false,true,false,false,NAME_AND_TYPE_INFERRED_E2_REQUIRED,NON_SECRET_METADATA,,false,NOT_TIME_BEARING,NOT_APPLICABLE,NOT_APPLICABLE
trading_system_postgresql,public,margin_ledger,10,margin_mode,text,false,true,false,false,SCOPE_DIMENSION_NAME_INFERRED_E2_REQUIRED,NON_SECRET_METADATA,mode,false,NOT_TIME_BEARING,NOT_APPLICABLE,NOT_APPLICABLE
trading_system_postgresql,public,margin_ledger,11,reservation_id,text,true,false,false,false,NAME_AND_TYPE_INFERRED_E2_REQUIRED,NON_SECRET_METADATA,,false,NOT_TIME_BEARING,NOT_APPLICABLE,NOT_APPLICABLE
trading_system_postgresql,public,margin_ledger,12,client_order_id,text,true,false,false,false,NAME_AND_TYPE_INFERRED_E2_REQUIRED,NON_SECRET_METADATA,,false,NOT_TIME_BEARING,NOT_APPLICABLE,NOT_APPLICABLE
trading_system_postgresql,public,margin_ledger,13,entry_type,text,false,false,false,false,NAME_AND_TYPE_INFERRED_E2_REQUIRED,NON_SECRET_METADATA,,false,NOT_TIME_BEARING,NOT_APPLICABLE,NOT_APPLICABLE
trading_system_postgresql,public,margin_ledger,14,reason,text,true,false,false,false,NAME_AND_TYPE_INFERRED_E2_REQUIRED,NON_SECRET_METADATA,,false,NOT_TIME_BEARING,NOT_APPLICABLE,NOT_APPLICABLE
trading_system_postgresql,public,margin_ledger,15,metadata,jsonb,false,true,false,false,NAME_AND_TYPE_INFERRED_E2_REQUIRED,MAY_CONTAIN_SENSITIVE_STRUCTURED_DATA,,false,NOT_TIME_BEARING,NOT_APPLICABLE,NOT_APPLICABLE
trading_system_postgresql,public,margin_ledger,16,created_at,timestamp with time zone,false,true,false,false,NAME_AND_TYPE_INFERRED_E2_REQUIRED,NON_SECRET_METADATA,,true,TIMESTAMPTZ_DB_DECLARED,DATABASE_TIMESTAMP_PRECISION,OFFSET_AWARE_DATABASE_TYPE
trading_system_postgresql,public,operator_operations,1,operation_id,text,false,true,false,false,NAME_AND_TYPE_INFERRED_E2_REQUIRED,NON_SECRET_METADATA,,false,NOT_TIME_BEARING,NOT_APPLICABLE,NOT_APPLICABLE
trading_system_postgresql,public,operator_operations,2,operation_type,text,false,false,false,false,NAME_AND_TYPE_INFERRED_E2_REQUIRED,NON_SECRET_METADATA,,false,NOT_TIME_BEARING,NOT_APPLICABLE,NOT_APPLICABLE
trading_system_postgresql,public,operator_operations,3,scope_type,text,false,false,false,false,NAME_AND_TYPE_INFERRED_E2_REQUIRED,NON_SECRET_METADATA,,false,NOT_TIME_BEARING,NOT_APPLICABLE,NOT_APPLICABLE
trading_system_postgresql,public,operator_operations,4,scope_id,text,false,false,false,false,NAME_AND_TYPE_INFERRED_E2_REQUIRED,NON_SECRET_METADATA,,false,NOT_TIME_BEARING,NOT_APPLICABLE,NOT_APPLICABLE
trading_system_postgresql,public,operator_operations,5,mode,text,true,false,false,false,SCOPE_DIMENSION_NAME_INFERRED_E2_REQUIRED,NON_SECRET_METADATA,mode,false,NOT_TIME_BEARING,NOT_APPLICABLE,NOT_APPLICABLE
trading_system_postgresql,public,operator_operations,6,venue,text,true,false,false,false,SCOPE_DIMENSION_NAME_INFERRED_E2_REQUIRED,NON_SECRET_METADATA,venue,false,NOT_TIME_BEARING,NOT_APPLICABLE,NOT_APPLICABLE
trading_system_postgresql,public,operator_operations,7,status,text,false,false,false,false,NAME_AND_TYPE_INFERRED_E2_REQUIRED,NON_SECRET_METADATA,,false,NOT_TIME_BEARING,NOT_APPLICABLE,NOT_APPLICABLE
trading_system_postgresql,public,operator_operations,8,plan,jsonb,false,true,false,false,NAME_AND_TYPE_INFERRED_E2_REQUIRED,NON_SECRET_METADATA,,false,NOT_TIME_BEARING,NOT_APPLICABLE,NOT_APPLICABLE
trading_system_postgresql,public,operator_operations,9,result,jsonb,false,true,false,false,NAME_AND_TYPE_INFERRED_E2_REQUIRED,NON_SECRET_METADATA,,false,NOT_TIME_BEARING,NOT_APPLICABLE,NOT_APPLICABLE
trading_system_postgresql,public,operator_operations,10,actor,text,false,false,false,false,NAME_AND_TYPE_INFERRED_E2_REQUIRED,NON_SECRET_METADATA,,false,NOT_TIME_BEARING,NOT_APPLICABLE,NOT_APPLICABLE
trading_system_postgresql,public,operator_operations,11,reason,text,true,false,false,false,NAME_AND_TYPE_INFERRED_E2_REQUIRED,NON_SECRET_METADATA,,false,NOT_TIME_BEARING,NOT_APPLICABLE,NOT_APPLICABLE
trading_system_postgresql,public,operator_operations,12,created_at,timestamp with time zone,false,true,false,false,NAME_AND_TYPE_INFERRED_E2_REQUIRED,NON_SECRET_METADATA,,true,TIMESTAMPTZ_DB_DECLARED,DATABASE_TIMESTAMP_PRECISION,OFFSET_AWARE_DATABASE_TYPE
trading_system_postgresql,public,operator_operations,13,updated_at,timestamp with time zone,false,true,false,false,NAME_AND_TYPE_INFERRED_E2_REQUIRED,NON_SECRET_METADATA,,true,TIMESTAMPTZ_DB_DECLARED,DATABASE_TIMESTAMP_PRECISION,OFFSET_AWARE_DATABASE_TYPE
trading_system_postgresql,public,order_bracket_legs,1,leg_id,bigint,false,true,false,false,NAME_AND_TYPE_INFERRED_E2_REQUIRED,NON_SECRET_METADATA,,false,NOT_TIME_BEARING,NOT_APPLICABLE,NOT_APPLICABLE
trading_system_postgresql,public,order_bracket_legs,2,bracket_group_id,text,false,false,false,false,NAME_AND_TYPE_INFERRED_E2_REQUIRED,NON_SECRET_METADATA,,false,NOT_TIME_BEARING,NOT_APPLICABLE,NOT_APPLICABLE
trading_system_postgresql,public,order_bracket_legs,3,leg_type,text,false,false,false,false,NAME_AND_TYPE_INFERRED_E2_REQUIRED,NON_SECRET_METADATA,,false,NOT_TIME_BEARING,NOT_APPLICABLE,NOT_APPLICABLE
trading_system_postgresql,public,order_bracket_legs,4,leg_index,integer,false,true,false,false,NAME_AND_TYPE_INFERRED_E2_REQUIRED,NON_SECRET_METADATA,,false,NOT_TIME_BEARING,NOT_APPLICABLE,NOT_APPLICABLE
trading_system_postgresql,public,order_bracket_legs,5,client_order_id,text,false,false,false,false,NAME_AND_TYPE_INFERRED_E2_REQUIRED,NON_SECRET_METADATA,,false,NOT_TIME_BEARING,NOT_APPLICABLE,NOT_APPLICABLE
trading_system_postgresql,public,order_bracket_legs,6,side,text,false,false,false,false,NAME_AND_TYPE_INFERRED_E2_REQUIRED,NON_SECRET_METADATA,,false,NOT_TIME_BEARING,NOT_APPLICABLE,NOT_APPLICABLE
trading_system_postgresql,public,order_bracket_legs,7,order_type,text,false,false,false,false,NAME_AND_TYPE_INFERRED_E2_REQUIRED,NON_SECRET_METADATA,,false,NOT_TIME_BEARING,NOT_APPLICABLE,NOT_APPLICABLE
trading_system_postgresql,public,order_bracket_legs,8,quantity,"numeric(38,18)",false,false,false,false,NAME_AND_TYPE_INFERRED_E2_REQUIRED,NON_SECRET_METADATA,,false,NOT_TIME_BEARING,NOT_APPLICABLE,NOT_APPLICABLE
trading_system_postgresql,public,order_bracket_legs,9,quantity_fraction,"numeric(38,18)",true,false,false,false,NAME_AND_TYPE_INFERRED_E2_REQUIRED,NON_SECRET_METADATA,,false,NOT_TIME_BEARING,NOT_APPLICABLE,NOT_APPLICABLE
trading_system_postgresql,public,order_bracket_legs,10,price,"numeric(38,18)",true,false,false,false,NAME_AND_TYPE_INFERRED_E2_REQUIRED,NON_SECRET_METADATA,,false,NOT_TIME_BEARING,NOT_APPLICABLE,NOT_APPLICABLE
trading_system_postgresql,public,order_bracket_legs,11,trigger_price,"numeric(38,18)",true,false,false,false,NAME_AND_TYPE_INFERRED_E2_REQUIRED,NON_SECRET_METADATA,,false,NOT_TIME_BEARING,NOT_APPLICABLE,NOT_APPLICABLE
trading_system_postgresql,public,order_bracket_legs,12,time_in_force,text,false,true,false,false,NAME_AND_TYPE_INFERRED_E2_REQUIRED,NON_SECRET_METADATA,,true,TIME_NAME_UNTYPED_E2_REQUIRED,UNKNOWN,UNKNOWN
trading_system_postgresql,public,order_bracket_legs,13,reduce_only,boolean,false,true,false,false,NAME_AND_TYPE_INFERRED_E2_REQUIRED,NON_SECRET_METADATA,,false,NOT_TIME_BEARING,NOT_APPLICABLE,NOT_APPLICABLE
trading_system_postgresql,public,order_bracket_legs,14,intent,text,false,true,false,false,NAME_AND_TYPE_INFERRED_E2_REQUIRED,NON_SECRET_METADATA,,false,NOT_TIME_BEARING,NOT_APPLICABLE,NOT_APPLICABLE
trading_system_postgresql,public,order_bracket_legs,15,status,text,false,true,false,false,NAME_AND_TYPE_INFERRED_E2_REQUIRED,NON_SECRET_METADATA,,false,NOT_TIME_BEARING,NOT_APPLICABLE,NOT_APPLICABLE
trading_system_postgresql,public,order_bracket_legs,16,submitted_at,timestamp with time zone,true,false,false,false,NAME_AND_TYPE_INFERRED_E2_REQUIRED,NON_SECRET_METADATA,,true,TIMESTAMPTZ_DB_DECLARED,DATABASE_TIMESTAMP_PRECISION,OFFSET_AWARE_DATABASE_TYPE
trading_system_postgresql,public,order_bracket_legs,17,filled_at,timestamp with time zone,true,false,false,false,NAME_AND_TYPE_INFERRED_E2_REQUIRED,NON_SECRET_METADATA,,true,TIMESTAMPTZ_DB_DECLARED,DATABASE_TIMESTAMP_PRECISION,OFFSET_AWARE_DATABASE_TYPE
trading_system_postgresql,public,order_bracket_legs,18,cancelled_at,timestamp with time zone,true,false,false,false,NAME_AND_TYPE_INFERRED_E2_REQUIRED,NON_SECRET_METADATA,,true,TIMESTAMPTZ_DB_DECLARED,DATABASE_TIMESTAMP_PRECISION,OFFSET_AWARE_DATABASE_TYPE
trading_system_postgresql,public,order_bracket_legs,19,raw,jsonb,false,true,false,false,NAME_AND_TYPE_INFERRED_E2_REQUIRED,NON_SECRET_METADATA,,false,NOT_TIME_BEARING,NOT_APPLICABLE,NOT_APPLICABLE
trading_system_postgresql,public,order_bracket_legs,20,created_at,timestamp with time zone,false,true,false,false,NAME_AND_TYPE_INFERRED_E2_REQUIRED,NON_SECRET_METADATA,,true,TIMESTAMPTZ_DB_DECLARED,DATABASE_TIMESTAMP_PRECISION,OFFSET_AWARE_DATABASE_TYPE
trading_system_postgresql,public,order_bracket_legs,21,updated_at,timestamp with time zone,false,true,false,false,NAME_AND_TYPE_INFERRED_E2_REQUIRED,NON_SECRET_METADATA,,true,TIMESTAMPTZ_DB_DECLARED,DATABASE_TIMESTAMP_PRECISION,OFFSET_AWARE_DATABASE_TYPE
trading_system_postgresql,public,order_brackets,1,bracket_group_id,text,false,false,false,false,NAME_AND_TYPE_INFERRED_E2_REQUIRED,NON_SECRET_METADATA,,false,NOT_TIME_BEARING,NOT_APPLICABLE,NOT_APPLICABLE
trading_system_postgresql,public,order_brackets,2,strategy_id,text,false,false,false,false,SCOPE_DIMENSION_NAME_INFERRED_E2_REQUIRED,NON_SECRET_METADATA,strategy,false,NOT_TIME_BEARING,NOT_APPLICABLE,NOT_APPLICABLE
trading_system_postgresql,public,order_brackets,3,account_id,text,false,false,false,false,SCOPE_DIMENSION_NAME_INFERRED_E2_REQUIRED,NON_SECRET_METADATA,account,false,NOT_TIME_BEARING,NOT_APPLICABLE,NOT_APPLICABLE
trading_system_postgresql,public,order_brackets,4,mode,text,false,false,false,false,SCOPE_DIMENSION_NAME_INFERRED_E2_REQUIRED,NON_SECRET_METADATA,mode,false,NOT_TIME_BEARING,NOT_APPLICABLE,NOT_APPLICABLE
trading_system_postgresql,public,order_brackets,5,venue,text,false,false,false,false,SCOPE_DIMENSION_NAME_INFERRED_E2_REQUIRED,NON_SECRET_METADATA,venue,false,NOT_TIME_BEARING,NOT_APPLICABLE,NOT_APPLICABLE
trading_system_postgresql,public,order_brackets,6,symbol,text,false,false,false,false,SCOPE_DIMENSION_NAME_INFERRED_E2_REQUIRED,NON_SECRET_METADATA,instrument,false,NOT_TIME_BEARING,NOT_APPLICABLE,NOT_APPLICABLE
trading_system_postgresql,public,order_brackets,7,instrument_id,text,true,false,false,false,SCOPE_DIMENSION_NAME_INFERRED_E2_REQUIRED,NON_SECRET_METADATA,instrument,false,NOT_TIME_BEARING,NOT_APPLICABLE,NOT_APPLICABLE
trading_system_postgresql,public,order_brackets,8,position_side,text,false,true,false,false,NAME_AND_TYPE_INFERRED_E2_REQUIRED,NON_SECRET_METADATA,,false,NOT_TIME_BEARING,NOT_APPLICABLE,NOT_APPLICABLE
trading_system_postgresql,public,order_brackets,9,state,text,false,true,false,false,NAME_AND_TYPE_INFERRED_E2_REQUIRED,NON_SECRET_METADATA,,false,NOT_TIME_BEARING,NOT_APPLICABLE,NOT_APPLICABLE
trading_system_postgresql,public,order_brackets,10,entry_client_order_id,text,false,false,false,false,NAME_AND_TYPE_INFERRED_E2_REQUIRED,NON_SECRET_METADATA,,false,NOT_TIME_BEARING,NOT_APPLICABLE,NOT_APPLICABLE
trading_system_postgresql,public,order_brackets,11,execution_session_id,text,true,false,false,false,SCOPE_DIMENSION_NAME_INFERRED_E2_REQUIRED,NON_SECRET_METADATA,session,false,NOT_TIME_BEARING,NOT_APPLICABLE,NOT_APPLICABLE
trading_system_postgresql,public,order_brackets,12,risk_grant_id,text,true,false,false,false,NAME_AND_TYPE_INFERRED_E2_REQUIRED,NON_SECRET_METADATA,,false,NOT_TIME_BEARING,NOT_APPLICABLE,NOT_APPLICABLE
trading_system_postgresql,public,order_brackets,13,activation_policy,text,false,true,false,false,NAME_AND_TYPE_INFERRED_E2_REQUIRED,NON_SECRET_METADATA,,false,NOT_TIME_BEARING,NOT_APPLICABLE,NOT_APPLICABLE
trading_system_postgresql,public,order_brackets,14,oco_policy,jsonb,false,true,false,false,NAME_AND_TYPE_INFERRED_E2_REQUIRED,NON_SECRET_METADATA,,false,NOT_TIME_BEARING,NOT_APPLICABLE,NOT_APPLICABLE
trading_system_postgresql,public,order_brackets,15,metadata,jsonb,false,true,false,false,NAME_AND_TYPE_INFERRED_E2_REQUIRED,MAY_CONTAIN_SENSITIVE_STRUCTURED_DATA,,false,NOT_TIME_BEARING,NOT_APPLICABLE,NOT_APPLICABLE
trading_system_postgresql,public,order_brackets,16,error_message,text,true,false,false,false,NAME_AND_TYPE_INFERRED_E2_REQUIRED,NON_SECRET_METADATA,,false,NOT_TIME_BEARING,NOT_APPLICABLE,NOT_APPLICABLE
trading_system_postgresql,public,order_brackets,17,created_at,timestamp with time zone,false,true,false,false,NAME_AND_TYPE_INFERRED_E2_REQUIRED,NON_SECRET_METADATA,,true,TIMESTAMPTZ_DB_DECLARED,DATABASE_TIMESTAMP_PRECISION,OFFSET_AWARE_DATABASE_TYPE
trading_system_postgresql,public,order_brackets,18,updated_at,timestamp with time zone,false,true,false,false,NAME_AND_TYPE_INFERRED_E2_REQUIRED,NON_SECRET_METADATA,,true,TIMESTAMPTZ_DB_DECLARED,DATABASE_TIMESTAMP_PRECISION,OFFSET_AWARE_DATABASE_TYPE
trading_system_postgresql,public,order_group_event_inbox,1,source_event_id,text,false,false,false,false,NAME_AND_TYPE_INFERRED_E2_REQUIRED,NON_SECRET_METADATA,,false,NOT_TIME_BEARING,NOT_APPLICABLE,NOT_APPLICABLE
trading_system_postgresql,public,order_group_event_inbox,2,group_id,text,false,false,false,false,NAME_AND_TYPE_INFERRED_E2_REQUIRED,NON_SECRET_METADATA,,false,NOT_TIME_BEARING,NOT_APPLICABLE,NOT_APPLICABLE
trading_system_postgresql,public,order_group_event_inbox,3,leg_id,text,false,false,false,false,NAME_AND_TYPE_INFERRED_E2_REQUIRED,NON_SECRET_METADATA,,false,NOT_TIME_BEARING,NOT_APPLICABLE,NOT_APPLICABLE
trading_system_postgresql,public,order_group_event_inbox,4,event_type,text,false,false,false,false,NAME_AND_TYPE_INFERRED_E2_REQUIRED,NON_SECRET_METADATA,,false,NOT_TIME_BEARING,NOT_APPLICABLE,NOT_APPLICABLE
trading_system_postgresql,public,order_group_event_inbox,5,event_payload,jsonb,false,false,false,false,NAME_AND_TYPE_INFERRED_E2_REQUIRED,MAY_CONTAIN_SENSITIVE_STRUCTURED_DATA,,false,NOT_TIME_BEARING,NOT_APPLICABLE,NOT_APPLICABLE
trading_system_postgresql,public,order_group_event_inbox,6,state,text,false,true,false,false,NAME_AND_TYPE_INFERRED_E2_REQUIRED,NON_SECRET_METADATA,,false,NOT_TIME_BEARING,NOT_APPLICABLE,NOT_APPLICABLE
trading_system_postgresql,public,order_group_event_inbox,7,attempts,integer,false,true,false,false,NAME_AND_TYPE_INFERRED_E2_REQUIRED,NON_SECRET_METADATA,,false,NOT_TIME_BEARING,NOT_APPLICABLE,NOT_APPLICABLE
trading_system_postgresql,public,order_group_event_inbox,8,next_attempt_at,timestamp with time zone,false,true,false,false,NAME_AND_TYPE_INFERRED_E2_REQUIRED,NON_SECRET_METADATA,,true,TIMESTAMPTZ_DB_DECLARED,DATABASE_TIMESTAMP_PRECISION,OFFSET_AWARE_DATABASE_TYPE
trading_system_postgresql,public,order_group_event_inbox,9,locked_at,timestamp with time zone,true,false,false,false,NAME_AND_TYPE_INFERRED_E2_REQUIRED,NON_SECRET_METADATA,,true,TIMESTAMPTZ_DB_DECLARED,DATABASE_TIMESTAMP_PRECISION,OFFSET_AWARE_DATABASE_TYPE
trading_system_postgresql,public,order_group_event_inbox,10,processed_at,timestamp with time zone,true,false,false,false,NAME_AND_TYPE_INFERRED_E2_REQUIRED,NON_SECRET_METADATA,,true,TIMESTAMPTZ_DB_DECLARED,DATABASE_TIMESTAMP_PRECISION,OFFSET_AWARE_DATABASE_TYPE
trading_system_postgresql,public,order_group_event_inbox,11,last_error,text,true,false,false,false,NAME_AND_TYPE_INFERRED_E2_REQUIRED,NON_SECRET_METADATA,,false,NOT_TIME_BEARING,NOT_APPLICABLE,NOT_APPLICABLE
trading_system_postgresql,public,order_group_event_inbox,12,created_at,timestamp with time zone,false,true,false,false,NAME_AND_TYPE_INFERRED_E2_REQUIRED,NON_SECRET_METADATA,,true,TIMESTAMPTZ_DB_DECLARED,DATABASE_TIMESTAMP_PRECISION,OFFSET_AWARE_DATABASE_TYPE
trading_system_postgresql,public,order_pending_exposure,1,mode,text,false,false,false,false,SCOPE_DIMENSION_NAME_INFERRED_E2_REQUIRED,NON_SECRET_METADATA,mode,false,NOT_TIME_BEARING,NOT_APPLICABLE,NOT_APPLICABLE
trading_system_postgresql,public,order_pending_exposure,2,venue,text,false,false,false,false,SCOPE_DIMENSION_NAME_INFERRED_E2_REQUIRED,NON_SECRET_METADATA,venue,false,NOT_TIME_BEARING,NOT_APPLICABLE,NOT_APPLICABLE
trading_system_postgresql,public,order_pending_exposure,3,account_id,text,false,false,false,false,SCOPE_DIMENSION_NAME_INFERRED_E2_REQUIRED,NON_SECRET_METADATA,account,false,NOT_TIME_BEARING,NOT_APPLICABLE,NOT_APPLICABLE
trading_system_postgresql,public,order_pending_exposure,4,client_order_id,text,false,false,false,false,NAME_AND_TYPE_INFERRED_E2_REQUIRED,NON_SECRET_METADATA,,false,NOT_TIME_BEARING,NOT_APPLICABLE,NOT_APPLICABLE
trading_system_postgresql,public,order_pending_exposure,5,strategy_id,text,false,false,false,false,SCOPE_DIMENSION_NAME_INFERRED_E2_REQUIRED,NON_SECRET_METADATA,strategy,false,NOT_TIME_BEARING,NOT_APPLICABLE,NOT_APPLICABLE
trading_system_postgresql,public,order_pending_exposure,6,symbol,text,false,false,false,false,SCOPE_DIMENSION_NAME_INFERRED_E2_REQUIRED,NON_SECRET_METADATA,instrument,false,NOT_TIME_BEARING,NOT_APPLICABLE,NOT_APPLICABLE
trading_system_postgresql,public,order_pending_exposure,7,side,text,false,false,false,false,NAME_AND_TYPE_INFERRED_E2_REQUIRED,NON_SECRET_METADATA,,false,NOT_TIME_BEARING,NOT_APPLICABLE,NOT_APPLICABLE
trading_system_postgresql,public,order_pending_exposure,8,quantity,"numeric(38,18)",false,false,false,false,NAME_AND_TYPE_INFERRED_E2_REQUIRED,NON_SECRET_METADATA,,false,NOT_TIME_BEARING,NOT_APPLICABLE,NOT_APPLICABLE
trading_system_postgresql,public,order_pending_exposure,9,released_qty,"numeric(38,18)",false,true,false,false,NAME_AND_TYPE_INFERRED_E2_REQUIRED,NON_SECRET_METADATA,,false,NOT_TIME_BEARING,NOT_APPLICABLE,NOT_APPLICABLE
trading_system_postgresql,public,order_pending_exposure,10,status,text,false,true,false,false,NAME_AND_TYPE_INFERRED_E2_REQUIRED,NON_SECRET_METADATA,,false,NOT_TIME_BEARING,NOT_APPLICABLE,NOT_APPLICABLE
trading_system_postgresql,public,order_pending_exposure,11,created_at,timestamp with time zone,false,true,false,false,NAME_AND_TYPE_INFERRED_E2_REQUIRED,NON_SECRET_METADATA,,true,TIMESTAMPTZ_DB_DECLARED,DATABASE_TIMESTAMP_PRECISION,OFFSET_AWARE_DATABASE_TYPE
trading_system_postgresql,public,order_pending_exposure,12,updated_at,timestamp with time zone,false,true,false,false,NAME_AND_TYPE_INFERRED_E2_REQUIRED,NON_SECRET_METADATA,,true,TIMESTAMPTZ_DB_DECLARED,DATABASE_TIMESTAMP_PRECISION,OFFSET_AWARE_DATABASE_TYPE
trading_system_postgresql,public,order_pending_exposure,13,bracket_group_id,text,true,false,false,false,NAME_AND_TYPE_INFERRED_E2_REQUIRED,NON_SECRET_METADATA,,false,NOT_TIME_BEARING,NOT_APPLICABLE,NOT_APPLICABLE
trading_system_postgresql,public,order_pending_exposure,14,order_group_id,text,true,false,false,false,NAME_AND_TYPE_INFERRED_E2_REQUIRED,NON_SECRET_METADATA,,false,NOT_TIME_BEARING,NOT_APPLICABLE,NOT_APPLICABLE
trading_system_postgresql,public,orders,1,order_id,bigint,false,true,false,false,NAME_AND_TYPE_INFERRED_E2_REQUIRED,NON_SECRET_METADATA,,false,NOT_TIME_BEARING,NOT_APPLICABLE,NOT_APPLICABLE
trading_system_postgresql,public,orders,2,client_order_id,text,false,false,false,false,NAME_AND_TYPE_INFERRED_E2_REQUIRED,NON_SECRET_METADATA,,false,NOT_TIME_BEARING,NOT_APPLICABLE,NOT_APPLICABLE
trading_system_postgresql,public,orders,3,venue_order_id,text,true,false,false,false,NAME_AND_TYPE_INFERRED_E2_REQUIRED,NON_SECRET_METADATA,,false,NOT_TIME_BEARING,NOT_APPLICABLE,NOT_APPLICABLE
trading_system_postgresql,public,orders,4,trader_id,text,true,false,false,false,NAME_AND_TYPE_INFERRED_E2_REQUIRED,NON_SECRET_METADATA,,false,NOT_TIME_BEARING,NOT_APPLICABLE,NOT_APPLICABLE
trading_system_postgresql,public,orders,5,strategy_id,text,true,false,false,false,SCOPE_DIMENSION_NAME_INFERRED_E2_REQUIRED,NON_SECRET_METADATA,strategy,false,NOT_TIME_BEARING,NOT_APPLICABLE,NOT_APPLICABLE
trading_system_postgresql,public,orders,6,account_id,text,true,false,false,false,SCOPE_DIMENSION_NAME_INFERRED_E2_REQUIRED,NON_SECRET_METADATA,account,false,NOT_TIME_BEARING,NOT_APPLICABLE,NOT_APPLICABLE
trading_system_postgresql,public,orders,7,mode,text,false,false,false,false,SCOPE_DIMENSION_NAME_INFERRED_E2_REQUIRED,NON_SECRET_METADATA,mode,false,NOT_TIME_BEARING,NOT_APPLICABLE,NOT_APPLICABLE
trading_system_postgresql,public,orders,8,venue,text,false,false,false,false,SCOPE_DIMENSION_NAME_INFERRED_E2_REQUIRED,NON_SECRET_METADATA,venue,false,NOT_TIME_BEARING,NOT_APPLICABLE,NOT_APPLICABLE
trading_system_postgresql,public,orders,9,instrument_id,text,false,false,false,false,SCOPE_DIMENSION_NAME_INFERRED_E2_REQUIRED,NON_SECRET_METADATA,instrument,false,NOT_TIME_BEARING,NOT_APPLICABLE,NOT_APPLICABLE
trading_system_postgresql,public,orders,10,symbol,text,false,false,false,false,SCOPE_DIMENSION_NAME_INFERRED_E2_REQUIRED,NON_SECRET_METADATA,instrument,false,NOT_TIME_BEARING,NOT_APPLICABLE,NOT_APPLICABLE
trading_system_postgresql,public,orders,11,side,text,false,false,false,false,NAME_AND_TYPE_INFERRED_E2_REQUIRED,NON_SECRET_METADATA,,false,NOT_TIME_BEARING,NOT_APPLICABLE,NOT_APPLICABLE
trading_system_postgresql,public,orders,12,position_side,text,false,true,false,false,NAME_AND_TYPE_INFERRED_E2_REQUIRED,NON_SECRET_METADATA,,false,NOT_TIME_BEARING,NOT_APPLICABLE,NOT_APPLICABLE
trading_system_postgresql,public,orders,13,order_type,text,false,false,false,false,NAME_AND_TYPE_INFERRED_E2_REQUIRED,NON_SECRET_METADATA,,false,NOT_TIME_BEARING,NOT_APPLICABLE,NOT_APPLICABLE
trading_system_postgresql,public,orders,14,time_in_force,text,false,true,false,false,NAME_AND_TYPE_INFERRED_E2_REQUIRED,NON_SECRET_METADATA,,true,TIME_NAME_UNTYPED_E2_REQUIRED,UNKNOWN,UNKNOWN
trading_system_postgresql,public,orders,15,quantity,"numeric(38,18)",false,false,false,false,NAME_AND_TYPE_INFERRED_E2_REQUIRED,NON_SECRET_METADATA,,false,NOT_TIME_BEARING,NOT_APPLICABLE,NOT_APPLICABLE
trading_system_postgresql,public,orders,16,price,"numeric(38,18)",true,false,false,false,NAME_AND_TYPE_INFERRED_E2_REQUIRED,NON_SECRET_METADATA,,false,NOT_TIME_BEARING,NOT_APPLICABLE,NOT_APPLICABLE
trading_system_postgresql,public,orders,17,trigger_price,"numeric(38,18)",true,false,false,false,NAME_AND_TYPE_INFERRED_E2_REQUIRED,NON_SECRET_METADATA,,false,NOT_TIME_BEARING,NOT_APPLICABLE,NOT_APPLICABLE
trading_system_postgresql,public,orders,18,status,text,false,false,false,false,NAME_AND_TYPE_INFERRED_E2_REQUIRED,NON_SECRET_METADATA,,false,NOT_TIME_BEARING,NOT_APPLICABLE,NOT_APPLICABLE
trading_system_postgresql,public,orders,19,reduce_only,boolean,false,true,false,false,NAME_AND_TYPE_INFERRED_E2_REQUIRED,NON_SECRET_METADATA,,false,NOT_TIME_BEARING,NOT_APPLICABLE,NOT_APPLICABLE
trading_system_postgresql,public,orders,20,post_only,boolean,false,true,false,false,NAME_AND_TYPE_INFERRED_E2_REQUIRED,NON_SECRET_METADATA,,false,NOT_TIME_BEARING,NOT_APPLICABLE,NOT_APPLICABLE
trading_system_postgresql,public,orders,21,intent,text,false,true,false,false,NAME_AND_TYPE_INFERRED_E2_REQUIRED,NON_SECRET_METADATA,,false,NOT_TIME_BEARING,NOT_APPLICABLE,NOT_APPLICABLE
trading_system_postgresql,public,orders,22,submitted_at,timestamp with time zone,false,true,false,false,NAME_AND_TYPE_INFERRED_E2_REQUIRED,NON_SECRET_METADATA,,true,TIMESTAMPTZ_DB_DECLARED,DATABASE_TIMESTAMP_PRECISION,OFFSET_AWARE_DATABASE_TYPE
trading_system_postgresql,public,orders,23,updated_at,timestamp with time zone,false,true,false,false,NAME_AND_TYPE_INFERRED_E2_REQUIRED,NON_SECRET_METADATA,,true,TIMESTAMPTZ_DB_DECLARED,DATABASE_TIMESTAMP_PRECISION,OFFSET_AWARE_DATABASE_TYPE
trading_system_postgresql,public,orders,24,raw_request,jsonb,true,false,false,false,NAME_AND_TYPE_INFERRED_E2_REQUIRED,MAY_CONTAIN_SENSITIVE_STRUCTURED_DATA,,false,NOT_TIME_BEARING,NOT_APPLICABLE,NOT_APPLICABLE
trading_system_postgresql,public,orders,25,raw_response,jsonb,true,false,false,false,NAME_AND_TYPE_INFERRED_E2_REQUIRED,MAY_CONTAIN_SENSITIVE_STRUCTURED_DATA,,false,NOT_TIME_BEARING,NOT_APPLICABLE,NOT_APPLICABLE
trading_system_postgresql,public,orders,26,error_code,text,true,false,false,false,NAME_AND_TYPE_INFERRED_E2_REQUIRED,NON_SECRET_METADATA,,false,NOT_TIME_BEARING,NOT_APPLICABLE,NOT_APPLICABLE
trading_system_postgresql,public,orders,27,error_message,text,true,false,false,false,NAME_AND_TYPE_INFERRED_E2_REQUIRED,NON_SECRET_METADATA,,false,NOT_TIME_BEARING,NOT_APPLICABLE,NOT_APPLICABLE
trading_system_postgresql,public,orders,28,execution_session_id,text,true,false,false,false,SCOPE_DIMENSION_NAME_INFERRED_E2_REQUIRED,NON_SECRET_METADATA,session,false,NOT_TIME_BEARING,NOT_APPLICABLE,NOT_APPLICABLE
trading_system_postgresql,public,orders,29,risk_grant_id,text,true,false,false,false,NAME_AND_TYPE_INFERRED_E2_REQUIRED,NON_SECRET_METADATA,,false,NOT_TIME_BEARING,NOT_APPLICABLE,NOT_APPLICABLE
trading_system_postgresql,public,paper_account_seed,1,account_id,text,false,false,false,false,SCOPE_DIMENSION_NAME_INFERRED_E2_REQUIRED,NON_SECRET_METADATA,account,false,NOT_TIME_BEARING,NOT_APPLICABLE,NOT_APPLICABLE
trading_system_postgresql,public,paper_account_seed,2,currency,text,false,false,false,false,NAME_AND_TYPE_INFERRED_E2_REQUIRED,NON_SECRET_METADATA,,false,NOT_TIME_BEARING,NOT_APPLICABLE,NOT_APPLICABLE
trading_system_postgresql,public,paper_account_seed,3,initial_balance,"numeric(38,18)",false,false,false,false,NAME_AND_TYPE_INFERRED_E2_REQUIRED,NON_SECRET_METADATA,,false,NOT_TIME_BEARING,NOT_APPLICABLE,NOT_APPLICABLE
trading_system_postgresql,public,paper_account_seed,4,created_at,timestamp with time zone,false,true,false,false,NAME_AND_TYPE_INFERRED_E2_REQUIRED,NON_SECRET_METADATA,,true,TIMESTAMPTZ_DB_DECLARED,DATABASE_TIMESTAMP_PRECISION,OFFSET_AWARE_DATABASE_TYPE
trading_system_postgresql,public,paper_matcher_config,1,venue,text,false,false,false,false,SCOPE_DIMENSION_NAME_INFERRED_E2_REQUIRED,NON_SECRET_METADATA,venue,false,NOT_TIME_BEARING,NOT_APPLICABLE,NOT_APPLICABLE
trading_system_postgresql,public,paper_matcher_config,2,instrument_id,text,true,false,false,false,SCOPE_DIMENSION_NAME_INFERRED_E2_REQUIRED,NON_SECRET_METADATA,instrument,false,NOT_TIME_BEARING,NOT_APPLICABLE,NOT_APPLICABLE
trading_system_postgresql,public,paper_matcher_config,3,fee_model,text,false,true,false,false,NAME_AND_TYPE_INFERRED_E2_REQUIRED,NON_SECRET_METADATA,,false,NOT_TIME_BEARING,NOT_APPLICABLE,NOT_APPLICABLE
trading_system_postgresql,public,paper_matcher_config,4,maker_fee_bps,"numeric(18,8)",false,true,false,false,NAME_AND_TYPE_INFERRED_E2_REQUIRED,NON_SECRET_METADATA,,false,NOT_TIME_BEARING,NOT_APPLICABLE,NOT_APPLICABLE
trading_system_postgresql,public,paper_matcher_config,5,taker_fee_bps,"numeric(18,8)",false,true,false,false,NAME_AND_TYPE_INFERRED_E2_REQUIRED,NON_SECRET_METADATA,,false,NOT_TIME_BEARING,NOT_APPLICABLE,NOT_APPLICABLE
trading_system_postgresql,public,paper_matcher_config,6,slippage_bps,"numeric(18,8)",false,true,false,false,NAME_AND_TYPE_INFERRED_E2_REQUIRED,NON_SECRET_METADATA,,false,NOT_TIME_BEARING,NOT_APPLICABLE,NOT_APPLICABLE
trading_system_postgresql,public,paper_matcher_config,7,partial_fill_enabled,boolean,false,true,false,false,NAME_AND_TYPE_INFERRED_E2_REQUIRED,NON_SECRET_METADATA,,false,NOT_TIME_BEARING,NOT_APPLICABLE,NOT_APPLICABLE
trading_system_postgresql,public,paper_matcher_config,8,max_fill_ratio_per_event,"numeric(18,8)",false,true,false,false,NAME_AND_TYPE_INFERRED_E2_REQUIRED,NON_SECRET_METADATA,,false,NOT_TIME_BEARING,NOT_APPLICABLE,NOT_APPLICABLE
trading_system_postgresql,public,paper_matcher_config,9,default_event_liquidity,"numeric(38,18)",true,false,false,false,NAME_AND_TYPE_INFERRED_E2_REQUIRED,NON_SECRET_METADATA,,false,NOT_TIME_BEARING,NOT_APPLICABLE,NOT_APPLICABLE
trading_system_postgresql,public,paper_matcher_config,10,latency_ms,integer,false,true,false,false,NAME_AND_TYPE_INFERRED_E2_REQUIRED,NON_SECRET_METADATA,,true,EPOCH_MILLISECONDS_NAME_INFERRED,MILLISECONDS,E2_CLOCK_AUTHORITY_REQUIRED
trading_system_postgresql,public,paper_matcher_config,11,latency_event_count,integer,false,true,false,false,NAME_AND_TYPE_INFERRED_E2_REQUIRED,NON_SECRET_METADATA,,false,NOT_TIME_BEARING,NOT_APPLICABLE,NOT_APPLICABLE
trading_system_postgresql,public,paper_matcher_config,12,realistic_settlement,boolean,false,true,false,false,NAME_AND_TYPE_INFERRED_E2_REQUIRED,NON_SECRET_METADATA,,false,NOT_TIME_BEARING,NOT_APPLICABLE,NOT_APPLICABLE
trading_system_postgresql,public,paper_matcher_config,13,default_settlement_policy,text,false,true,false,false,NAME_AND_TYPE_INFERRED_E2_REQUIRED,NON_SECRET_METADATA,,false,NOT_TIME_BEARING,NOT_APPLICABLE,NOT_APPLICABLE
trading_system_postgresql,public,paper_matcher_config,14,updated_at,timestamp with time zone,false,true,false,false,NAME_AND_TYPE_INFERRED_E2_REQUIRED,NON_SECRET_METADATA,,true,TIMESTAMPTZ_DB_DECLARED,DATABASE_TIMESTAMP_PRECISION,OFFSET_AWARE_DATABASE_TYPE
trading_system_postgresql,public,paper_open_orders,1,client_order_id,text,false,false,false,false,NAME_AND_TYPE_INFERRED_E2_REQUIRED,NON_SECRET_METADATA,,false,NOT_TIME_BEARING,NOT_APPLICABLE,NOT_APPLICABLE
trading_system_postgresql,public,paper_open_orders,2,strategy_id,text,false,false,false,false,SCOPE_DIMENSION_NAME_INFERRED_E2_REQUIRED,NON_SECRET_METADATA,strategy,false,NOT_TIME_BEARING,NOT_APPLICABLE,NOT_APPLICABLE
trading_system_postgresql,public,paper_open_orders,3,account_id,text,false,false,false,false,SCOPE_DIMENSION_NAME_INFERRED_E2_REQUIRED,NON_SECRET_METADATA,account,false,NOT_TIME_BEARING,NOT_APPLICABLE,NOT_APPLICABLE
trading_system_postgresql,public,paper_open_orders,4,venue,text,false,false,false,false,SCOPE_DIMENSION_NAME_INFERRED_E2_REQUIRED,NON_SECRET_METADATA,venue,false,NOT_TIME_BEARING,NOT_APPLICABLE,NOT_APPLICABLE
trading_system_postgresql,public,paper_open_orders,5,instrument_id,text,false,false,false,false,SCOPE_DIMENSION_NAME_INFERRED_E2_REQUIRED,NON_SECRET_METADATA,instrument,false,NOT_TIME_BEARING,NOT_APPLICABLE,NOT_APPLICABLE
trading_system_postgresql,public,paper_open_orders,6,side,text,false,false,false,false,NAME_AND_TYPE_INFERRED_E2_REQUIRED,NON_SECRET_METADATA,,false,NOT_TIME_BEARING,NOT_APPLICABLE,NOT_APPLICABLE
trading_system_postgresql,public,paper_open_orders,7,order_type,text,false,false,false,false,NAME_AND_TYPE_INFERRED_E2_REQUIRED,NON_SECRET_METADATA,,false,NOT_TIME_BEARING,NOT_APPLICABLE,NOT_APPLICABLE
trading_system_postgresql,public,paper_open_orders,8,quantity,"numeric(38,18)",false,false,false,false,NAME_AND_TYPE_INFERRED_E2_REQUIRED,NON_SECRET_METADATA,,false,NOT_TIME_BEARING,NOT_APPLICABLE,NOT_APPLICABLE
trading_system_postgresql,public,paper_open_orders,9,remaining_qty,"numeric(38,18)",false,false,false,false,NAME_AND_TYPE_INFERRED_E2_REQUIRED,NON_SECRET_METADATA,,false,NOT_TIME_BEARING,NOT_APPLICABLE,NOT_APPLICABLE
trading_system_postgresql,public,paper_open_orders,10,price,"numeric(38,18)",true,false,false,false,NAME_AND_TYPE_INFERRED_E2_REQUIRED,NON_SECRET_METADATA,,false,NOT_TIME_BEARING,NOT_APPLICABLE,NOT_APPLICABLE
trading_system_postgresql,public,paper_open_orders,11,trigger_price,"numeric(38,18)",true,false,false,false,NAME_AND_TYPE_INFERRED_E2_REQUIRED,NON_SECRET_METADATA,,false,NOT_TIME_BEARING,NOT_APPLICABLE,NOT_APPLICABLE
trading_system_postgresql,public,paper_open_orders,12,time_in_force,text,false,true,false,false,NAME_AND_TYPE_INFERRED_E2_REQUIRED,NON_SECRET_METADATA,,true,TIME_NAME_UNTYPED_E2_REQUIRED,UNKNOWN,UNKNOWN
trading_system_postgresql,public,paper_open_orders,13,status,text,false,false,false,false,NAME_AND_TYPE_INFERRED_E2_REQUIRED,NON_SECRET_METADATA,,false,NOT_TIME_BEARING,NOT_APPLICABLE,NOT_APPLICABLE
trading_system_postgresql,public,paper_open_orders,14,created_at,timestamp with time zone,false,true,false,false,NAME_AND_TYPE_INFERRED_E2_REQUIRED,NON_SECRET_METADATA,,true,TIMESTAMPTZ_DB_DECLARED,DATABASE_TIMESTAMP_PRECISION,OFFSET_AWARE_DATABASE_TYPE
trading_system_postgresql,public,paper_open_orders,15,expires_at,timestamp with time zone,true,false,false,false,NAME_AND_TYPE_INFERRED_E2_REQUIRED,NON_SECRET_METADATA,,true,TIMESTAMPTZ_DB_DECLARED,DATABASE_TIMESTAMP_PRECISION,OFFSET_AWARE_DATABASE_TYPE
trading_system_postgresql,public,paper_open_orders,16,matcher_state,jsonb,false,true,false,false,NAME_AND_TYPE_INFERRED_E2_REQUIRED,NON_SECRET_METADATA,,false,NOT_TIME_BEARING,NOT_APPLICABLE,NOT_APPLICABLE
trading_system_postgresql,public,performance_events,1,id,bigint,false,true,false,false,NAME_AND_TYPE_INFERRED_E2_REQUIRED,NON_SECRET_METADATA,,false,NOT_TIME_BEARING,NOT_APPLICABLE,NOT_APPLICABLE
trading_system_postgresql,public,performance_events,2,event_time,timestamp with time zone,false,true,false,false,NAME_AND_TYPE_INFERRED_E2_REQUIRED,NON_SECRET_METADATA,,true,TIMESTAMPTZ_DB_DECLARED,DATABASE_TIMESTAMP_PRECISION,OFFSET_AWARE_DATABASE_TYPE
trading_system_postgresql,public,performance_events,3,deployment_id,text,true,false,false,false,SCOPE_DIMENSION_NAME_INFERRED_E2_REQUIRED,NON_SECRET_METADATA,deployment,false,NOT_TIME_BEARING,NOT_APPLICABLE,NOT_APPLICABLE
trading_system_postgresql,public,performance_events,4,strategy_id,text,true,false,false,false,SCOPE_DIMENSION_NAME_INFERRED_E2_REQUIRED,NON_SECRET_METADATA,strategy,false,NOT_TIME_BEARING,NOT_APPLICABLE,NOT_APPLICABLE
trading_system_postgresql,public,performance_events,5,account_id,text,true,false,false,false,SCOPE_DIMENSION_NAME_INFERRED_E2_REQUIRED,NON_SECRET_METADATA,account,false,NOT_TIME_BEARING,NOT_APPLICABLE,NOT_APPLICABLE
trading_system_postgresql,public,performance_events,6,mode,text,true,false,false,false,SCOPE_DIMENSION_NAME_INFERRED_E2_REQUIRED,NON_SECRET_METADATA,mode,false,NOT_TIME_BEARING,NOT_APPLICABLE,NOT_APPLICABLE
trading_system_postgresql,public,performance_events,7,venue,text,true,false,false,false,SCOPE_DIMENSION_NAME_INFERRED_E2_REQUIRED,NON_SECRET_METADATA,venue,false,NOT_TIME_BEARING,NOT_APPLICABLE,NOT_APPLICABLE
trading_system_postgresql,public,performance_events,8,event_type,text,false,false,false,false,NAME_AND_TYPE_INFERRED_E2_REQUIRED,NON_SECRET_METADATA,,false,NOT_TIME_BEARING,NOT_APPLICABLE,NOT_APPLICABLE
trading_system_postgresql,public,performance_events,9,severity,text,false,true,false,false,NAME_AND_TYPE_INFERRED_E2_REQUIRED,NON_SECRET_METADATA,,false,NOT_TIME_BEARING,NOT_APPLICABLE,NOT_APPLICABLE
trading_system_postgresql,public,performance_events,10,details,jsonb,false,true,false,false,NAME_AND_TYPE_INFERRED_E2_REQUIRED,MAY_CONTAIN_SENSITIVE_STRUCTURED_DATA,,false,NOT_TIME_BEARING,NOT_APPLICABLE,NOT_APPLICABLE
trading_system_postgresql,public,performance_projection_current_state,1,scope_type,text,false,false,false,false,NAME_AND_TYPE_INFERRED_E2_REQUIRED,NON_SECRET_METADATA,,false,NOT_TIME_BEARING,NOT_APPLICABLE,NOT_APPLICABLE
trading_system_postgresql,public,performance_projection_current_state,2,scope_key,text,false,false,false,false,NAME_AND_TYPE_INFERRED_E2_REQUIRED,NON_SECRET_METADATA,,false,NOT_TIME_BEARING,NOT_APPLICABLE,NOT_APPLICABLE
trading_system_postgresql,public,performance_projection_current_state,3,currency,text,false,true,false,false,NAME_AND_TYPE_INFERRED_E2_REQUIRED,NON_SECRET_METADATA,,false,NOT_TIME_BEARING,NOT_APPLICABLE,NOT_APPLICABLE
trading_system_postgresql,public,performance_projection_current_state,4,current_equity,"numeric(38,18)",false,true,false,false,NAME_AND_TYPE_INFERRED_E2_REQUIRED,NON_SECRET_METADATA,,false,NOT_TIME_BEARING,NOT_APPLICABLE,NOT_APPLICABLE
trading_system_postgresql,public,performance_projection_current_state,5,peak_equity,"numeric(38,18)",false,true,false,false,NAME_AND_TYPE_INFERRED_E2_REQUIRED,NON_SECRET_METADATA,,false,NOT_TIME_BEARING,NOT_APPLICABLE,NOT_APPLICABLE
trading_system_postgresql,public,performance_projection_current_state,6,state_digest,text,false,false,false,false,NAME_AND_TYPE_INFERRED_E2_REQUIRED,NON_SECRET_METADATA,,false,NOT_TIME_BEARING,NOT_APPLICABLE,NOT_APPLICABLE
trading_system_postgresql,public,performance_projection_current_state,7,has_open_exposure,boolean,false,true,false,false,NAME_AND_TYPE_INFERRED_E2_REQUIRED,NON_SECRET_METADATA,,false,NOT_TIME_BEARING,NOT_APPLICABLE,NOT_APPLICABLE
trading_system_postgresql,public,performance_projection_current_state,8,has_pending_orders,boolean,false,true,false,false,NAME_AND_TYPE_INFERRED_E2_REQUIRED,NON_SECRET_METADATA,,false,NOT_TIME_BEARING,NOT_APPLICABLE,NOT_APPLICABLE
trading_system_postgresql,public,performance_projection_current_state,9,last_snapshot_at,timestamp with time zone,true,false,false,false,NAME_AND_TYPE_INFERRED_E2_REQUIRED,NON_SECRET_METADATA,,true,TIMESTAMPTZ_DB_DECLARED,DATABASE_TIMESTAMP_PRECISION,OFFSET_AWARE_DATABASE_TYPE
trading_system_postgresql,public,performance_projection_current_state,10,last_event_at,timestamp with time zone,true,false,false,false,NAME_AND_TYPE_INFERRED_E2_REQUIRED,NON_SECRET_METADATA,,true,TIMESTAMPTZ_DB_DECLARED,DATABASE_TIMESTAMP_PRECISION,OFFSET_AWARE_DATABASE_TYPE
trading_system_postgresql,public,performance_projection_current_state,11,updated_at,timestamp with time zone,false,true,false,false,NAME_AND_TYPE_INFERRED_E2_REQUIRED,NON_SECRET_METADATA,,true,TIMESTAMPTZ_DB_DECLARED,DATABASE_TIMESTAMP_PRECISION,OFFSET_AWARE_DATABASE_TYPE
trading_system_postgresql,public,performance_snapshots,1,id,bigint,false,true,false,false,NAME_AND_TYPE_INFERRED_E2_REQUIRED,NON_SECRET_METADATA,,false,NOT_TIME_BEARING,NOT_APPLICABLE,NOT_APPLICABLE
trading_system_postgresql,public,performance_snapshots,2,ts,timestamp with time zone,false,false,false,false,NAME_AND_TYPE_INFERRED_E2_REQUIRED,NON_SECRET_METADATA,,true,TIMESTAMPTZ_DB_DECLARED,DATABASE_TIMESTAMP_PRECISION,OFFSET_AWARE_DATABASE_TYPE
trading_system_postgresql,public,performance_snapshots,3,deployment_id,text,false,false,false,false,SCOPE_DIMENSION_NAME_INFERRED_E2_REQUIRED,NON_SECRET_METADATA,deployment,false,NOT_TIME_BEARING,NOT_APPLICABLE,NOT_APPLICABLE
trading_system_postgresql,public,performance_snapshots,4,strategy_id,text,false,false,false,false,SCOPE_DIMENSION_NAME_INFERRED_E2_REQUIRED,NON_SECRET_METADATA,strategy,false,NOT_TIME_BEARING,NOT_APPLICABLE,NOT_APPLICABLE
trading_system_postgresql,public,performance_snapshots,5,account_id,text,false,false,false,false,SCOPE_DIMENSION_NAME_INFERRED_E2_REQUIRED,NON_SECRET_METADATA,account,false,NOT_TIME_BEARING,NOT_APPLICABLE,NOT_APPLICABLE
trading_system_postgresql,public,performance_snapshots,6,mode,text,false,false,false,false,SCOPE_DIMENSION_NAME_INFERRED_E2_REQUIRED,NON_SECRET_METADATA,mode,false,NOT_TIME_BEARING,NOT_APPLICABLE,NOT_APPLICABLE
trading_system_postgresql,public,performance_snapshots,7,venue,text,false,false,false,false,SCOPE_DIMENSION_NAME_INFERRED_E2_REQUIRED,NON_SECRET_METADATA,venue,false,NOT_TIME_BEARING,NOT_APPLICABLE,NOT_APPLICABLE
trading_system_postgresql,public,performance_snapshots,8,instrument_id,text,true,false,false,false,SCOPE_DIMENSION_NAME_INFERRED_E2_REQUIRED,NON_SECRET_METADATA,instrument,false,NOT_TIME_BEARING,NOT_APPLICABLE,NOT_APPLICABLE
trading_system_postgresql,public,performance_snapshots,9,symbol,text,true,false,false,false,SCOPE_DIMENSION_NAME_INFERRED_E2_REQUIRED,NON_SECRET_METADATA,instrument,false,NOT_TIME_BEARING,NOT_APPLICABLE,NOT_APPLICABLE
trading_system_postgresql,public,performance_snapshots,10,currency,text,true,false,false,false,NAME_AND_TYPE_INFERRED_E2_REQUIRED,NON_SECRET_METADATA,,false,NOT_TIME_BEARING,NOT_APPLICABLE,NOT_APPLICABLE
trading_system_postgresql,public,performance_snapshots,11,position_side,text,false,true,false,false,NAME_AND_TYPE_INFERRED_E2_REQUIRED,NON_SECRET_METADATA,,false,NOT_TIME_BEARING,NOT_APPLICABLE,NOT_APPLICABLE
trading_system_postgresql,public,performance_snapshots,12,position_qty,"numeric(38,18)",false,true,false,false,NAME_AND_TYPE_INFERRED_E2_REQUIRED,NON_SECRET_METADATA,,false,NOT_TIME_BEARING,NOT_APPLICABLE,NOT_APPLICABLE
trading_system_postgresql,public,performance_snapshots,13,signed_qty,"numeric(38,18)",false,true,false,false,NAME_AND_TYPE_INFERRED_E2_REQUIRED,NON_SECRET_METADATA,,false,NOT_TIME_BEARING,NOT_APPLICABLE,NOT_APPLICABLE
trading_system_postgresql,public,performance_snapshots,14,avg_px_open,"numeric(38,18)",false,true,false,false,NAME_AND_TYPE_INFERRED_E2_REQUIRED,NON_SECRET_METADATA,,false,NOT_TIME_BEARING,NOT_APPLICABLE,NOT_APPLICABLE
trading_system_postgresql,public,performance_snapshots,15,mark_price,"numeric(38,18)",true,false,false,false,NAME_AND_TYPE_INFERRED_E2_REQUIRED,NON_SECRET_METADATA,,false,NOT_TIME_BEARING,NOT_APPLICABLE,NOT_APPLICABLE
trading_system_postgresql,public,performance_snapshots,16,notional,"numeric(38,18)",false,true,false,false,NAME_AND_TYPE_INFERRED_E2_REQUIRED,NON_SECRET_METADATA,,false,NOT_TIME_BEARING,NOT_APPLICABLE,NOT_APPLICABLE
trading_system_postgresql,public,performance_snapshots,17,exposure_long,"numeric(38,18)",false,true,false,false,NAME_AND_TYPE_INFERRED_E2_REQUIRED,NON_SECRET_METADATA,,false,NOT_TIME_BEARING,NOT_APPLICABLE,NOT_APPLICABLE
trading_system_postgresql,public,performance_snapshots,18,exposure_short,"numeric(38,18)",false,true,false,false,NAME_AND_TYPE_INFERRED_E2_REQUIRED,NON_SECRET_METADATA,,false,NOT_TIME_BEARING,NOT_APPLICABLE,NOT_APPLICABLE
trading_system_postgresql,public,performance_snapshots,19,cash_total,"numeric(38,18)",false,true,false,false,NAME_AND_TYPE_INFERRED_E2_REQUIRED,NON_SECRET_METADATA,,false,NOT_TIME_BEARING,NOT_APPLICABLE,NOT_APPLICABLE
trading_system_postgresql,public,performance_snapshots,20,cash_free,"numeric(38,18)",false,true,false,false,NAME_AND_TYPE_INFERRED_E2_REQUIRED,NON_SECRET_METADATA,,false,NOT_TIME_BEARING,NOT_APPLICABLE,NOT_APPLICABLE
trading_system_postgresql,public,performance_snapshots,21,cash_locked,"numeric(38,18)",false,true,false,false,NAME_AND_TYPE_INFERRED_E2_REQUIRED,NON_SECRET_METADATA,,false,NOT_TIME_BEARING,NOT_APPLICABLE,NOT_APPLICABLE
trading_system_postgresql,public,performance_snapshots,22,realized_pnl,"numeric(38,18)",false,true,false,false,NAME_AND_TYPE_INFERRED_E2_REQUIRED,NON_SECRET_METADATA,,false,NOT_TIME_BEARING,NOT_APPLICABLE,NOT_APPLICABLE
trading_system_postgresql,public,performance_snapshots,23,unrealized_pnl,"numeric(38,18)",false,true,false,false,NAME_AND_TYPE_INFERRED_E2_REQUIRED,NON_SECRET_METADATA,,false,NOT_TIME_BEARING,NOT_APPLICABLE,NOT_APPLICABLE
trading_system_postgresql,public,performance_snapshots,24,fee_total,"numeric(38,18)",false,true,false,false,NAME_AND_TYPE_INFERRED_E2_REQUIRED,NON_SECRET_METADATA,,false,NOT_TIME_BEARING,NOT_APPLICABLE,NOT_APPLICABLE
trading_system_postgresql,public,performance_snapshots,25,funding_pnl,"numeric(38,18)",false,true,false,false,NAME_AND_TYPE_INFERRED_E2_REQUIRED,NON_SECRET_METADATA,,false,NOT_TIME_BEARING,NOT_APPLICABLE,NOT_APPLICABLE
trading_system_postgresql,public,performance_snapshots,26,gross_pnl,"numeric(38,18)",false,true,false,false,NAME_AND_TYPE_INFERRED_E2_REQUIRED,NON_SECRET_METADATA,,false,NOT_TIME_BEARING,NOT_APPLICABLE,NOT_APPLICABLE
trading_system_postgresql,public,performance_snapshots,27,net_pnl,"numeric(38,18)",false,true,false,false,NAME_AND_TYPE_INFERRED_E2_REQUIRED,NON_SECRET_METADATA,,false,NOT_TIME_BEARING,NOT_APPLICABLE,NOT_APPLICABLE
trading_system_postgresql,public,performance_snapshots,28,equity,"numeric(38,18)",false,true,false,false,NAME_AND_TYPE_INFERRED_E2_REQUIRED,NON_SECRET_METADATA,,false,NOT_TIME_BEARING,NOT_APPLICABLE,NOT_APPLICABLE
trading_system_postgresql,public,performance_snapshots,29,total_fills,integer,false,true,false,false,NAME_AND_TYPE_INFERRED_E2_REQUIRED,NON_SECRET_METADATA,,false,NOT_TIME_BEARING,NOT_APPLICABLE,NOT_APPLICABLE
trading_system_postgresql,public,performance_snapshots,30,source,text,false,true,false,false,NAME_AND_TYPE_INFERRED_E2_REQUIRED,NON_SECRET_METADATA,,false,NOT_TIME_BEARING,NOT_APPLICABLE,NOT_APPLICABLE
trading_system_postgresql,public,performance_snapshots,31,created_at,timestamp with time zone,false,true,false,false,NAME_AND_TYPE_INFERRED_E2_REQUIRED,NON_SECRET_METADATA,,true,TIMESTAMPTZ_DB_DECLARED,DATABASE_TIMESTAMP_PRECISION,OFFSET_AWARE_DATABASE_TYPE
trading_system_postgresql,public,performance_snapshots,32,snapshot_reason,text,false,true,false,false,NAME_AND_TYPE_INFERRED_E2_REQUIRED,NON_SECRET_METADATA,,false,NOT_TIME_BEARING,NOT_APPLICABLE,NOT_APPLICABLE
trading_system_postgresql,public,performance_snapshots,33,state_digest,text,true,false,false,false,NAME_AND_TYPE_INFERRED_E2_REQUIRED,NON_SECRET_METADATA,,false,NOT_TIME_BEARING,NOT_APPLICABLE,NOT_APPLICABLE
trading_system_postgresql,public,portal_account_balances_scoped,1,account_id,text,true,false,false,false,SCOPE_DIMENSION_NAME_INFERRED_E2_REQUIRED,NON_SECRET_METADATA,account,false,NOT_TIME_BEARING,NOT_APPLICABLE,NOT_APPLICABLE
trading_system_postgresql,public,portal_account_balances_scoped,2,currency,text,true,false,false,false,NAME_AND_TYPE_INFERRED_E2_REQUIRED,NON_SECRET_METADATA,,false,NOT_TIME_BEARING,NOT_APPLICABLE,NOT_APPLICABLE
trading_system_postgresql,public,portal_account_balances_scoped,3,total,"numeric(38,18)",true,false,false,false,NAME_AND_TYPE_INFERRED_E2_REQUIRED,NON_SECRET_METADATA,,false,NOT_TIME_BEARING,NOT_APPLICABLE,NOT_APPLICABLE
trading_system_postgresql,public,portal_account_balances_scoped,4,locked,"numeric(38,18)",true,false,false,false,NAME_AND_TYPE_INFERRED_E2_REQUIRED,NON_SECRET_METADATA,,false,NOT_TIME_BEARING,NOT_APPLICABLE,NOT_APPLICABLE
trading_system_postgresql,public,portal_account_balances_scoped,5,free,"numeric(38,18)",true,false,false,false,NAME_AND_TYPE_INFERRED_E2_REQUIRED,NON_SECRET_METADATA,,false,NOT_TIME_BEARING,NOT_APPLICABLE,NOT_APPLICABLE
trading_system_postgresql,public,portal_account_balances_scoped,6,updated_at,timestamp with time zone,true,false,false,false,NAME_AND_TYPE_INFERRED_E2_REQUIRED,NON_SECRET_METADATA,,true,TIMESTAMPTZ_DB_DECLARED,DATABASE_TIMESTAMP_PRECISION,OFFSET_AWARE_DATABASE_TYPE
trading_system_postgresql,public,portal_account_balances_scoped,7,mode,text,true,false,false,false,SCOPE_DIMENSION_NAME_INFERRED_E2_REQUIRED,NON_SECRET_METADATA,mode,false,NOT_TIME_BEARING,NOT_APPLICABLE,NOT_APPLICABLE
trading_system_postgresql,public,portal_account_balances_scoped,8,venue,text,true,false,false,false,SCOPE_DIMENSION_NAME_INFERRED_E2_REQUIRED,NON_SECRET_METADATA,venue,false,NOT_TIME_BEARING,NOT_APPLICABLE,NOT_APPLICABLE
trading_system_postgresql,public,portfolio_allocations,1,allocation_id,text,false,true,false,false,NAME_AND_TYPE_INFERRED_E2_REQUIRED,NON_SECRET_METADATA,,false,NOT_TIME_BEARING,NOT_APPLICABLE,NOT_APPLICABLE
trading_system_postgresql,public,portfolio_allocations,2,portfolio_id,text,false,false,false,false,SCOPE_DIMENSION_NAME_INFERRED_E2_REQUIRED,NON_SECRET_METADATA,portfolio,false,NOT_TIME_BEARING,NOT_APPLICABLE,NOT_APPLICABLE
trading_system_postgresql,public,portfolio_allocations,3,strategy_id,text,false,false,false,false,SCOPE_DIMENSION_NAME_INFERRED_E2_REQUIRED,NON_SECRET_METADATA,strategy,false,NOT_TIME_BEARING,NOT_APPLICABLE,NOT_APPLICABLE
trading_system_postgresql,public,portfolio_allocations,4,deployment_id,text,true,false,false,false,SCOPE_DIMENSION_NAME_INFERRED_E2_REQUIRED,NON_SECRET_METADATA,deployment,false,NOT_TIME_BEARING,NOT_APPLICABLE,NOT_APPLICABLE
trading_system_postgresql,public,portfolio_allocations,5,account_id,text,false,false,false,false,SCOPE_DIMENSION_NAME_INFERRED_E2_REQUIRED,NON_SECRET_METADATA,account,false,NOT_TIME_BEARING,NOT_APPLICABLE,NOT_APPLICABLE
trading_system_postgresql,public,portfolio_allocations,6,mode,text,false,false,false,false,SCOPE_DIMENSION_NAME_INFERRED_E2_REQUIRED,NON_SECRET_METADATA,mode,false,NOT_TIME_BEARING,NOT_APPLICABLE,NOT_APPLICABLE
trading_system_postgresql,public,portfolio_allocations,7,venue,text,false,false,false,false,SCOPE_DIMENSION_NAME_INFERRED_E2_REQUIRED,NON_SECRET_METADATA,venue,false,NOT_TIME_BEARING,NOT_APPLICABLE,NOT_APPLICABLE
trading_system_postgresql,public,portfolio_allocations,8,currency,text,false,false,false,false,NAME_AND_TYPE_INFERRED_E2_REQUIRED,NON_SECRET_METADATA,,false,NOT_TIME_BEARING,NOT_APPLICABLE,NOT_APPLICABLE
trading_system_postgresql,public,portfolio_allocations,9,allocated_capital,"numeric(38,18)",false,true,false,false,NAME_AND_TYPE_INFERRED_E2_REQUIRED,NON_SECRET_METADATA,,false,NOT_TIME_BEARING,NOT_APPLICABLE,NOT_APPLICABLE
trading_system_postgresql,public,portfolio_allocations,10,max_capital,"numeric(38,18)",true,false,false,false,NAME_AND_TYPE_INFERRED_E2_REQUIRED,NON_SECRET_METADATA,,false,NOT_TIME_BEARING,NOT_APPLICABLE,NOT_APPLICABLE
trading_system_postgresql,public,portfolio_allocations,11,state,text,false,true,false,false,NAME_AND_TYPE_INFERRED_E2_REQUIRED,NON_SECRET_METADATA,,false,NOT_TIME_BEARING,NOT_APPLICABLE,NOT_APPLICABLE
trading_system_postgresql,public,portfolio_allocations,12,metadata,jsonb,false,true,false,false,NAME_AND_TYPE_INFERRED_E2_REQUIRED,MAY_CONTAIN_SENSITIVE_STRUCTURED_DATA,,false,NOT_TIME_BEARING,NOT_APPLICABLE,NOT_APPLICABLE
trading_system_postgresql,public,portfolio_allocations,13,created_at,timestamp with time zone,false,true,false,false,NAME_AND_TYPE_INFERRED_E2_REQUIRED,NON_SECRET_METADATA,,true,TIMESTAMPTZ_DB_DECLARED,DATABASE_TIMESTAMP_PRECISION,OFFSET_AWARE_DATABASE_TYPE
trading_system_postgresql,public,portfolio_allocations,14,updated_at,timestamp with time zone,false,true,false,false,NAME_AND_TYPE_INFERRED_E2_REQUIRED,NON_SECRET_METADATA,,true,TIMESTAMPTZ_DB_DECLARED,DATABASE_TIMESTAMP_PRECISION,OFFSET_AWARE_DATABASE_TYPE
trading_system_postgresql,public,portfolio_audit_current_state,1,action,text,false,false,false,false,NAME_AND_TYPE_INFERRED_E2_REQUIRED,NON_SECRET_METADATA,,false,NOT_TIME_BEARING,NOT_APPLICABLE,NOT_APPLICABLE
trading_system_postgresql,public,portfolio_audit_current_state,2,target_type,text,false,false,false,false,NAME_AND_TYPE_INFERRED_E2_REQUIRED,NON_SECRET_METADATA,,false,NOT_TIME_BEARING,NOT_APPLICABLE,NOT_APPLICABLE
trading_system_postgresql,public,portfolio_audit_current_state,3,target_id,text,false,false,false,false,NAME_AND_TYPE_INFERRED_E2_REQUIRED,NON_SECRET_METADATA,,false,NOT_TIME_BEARING,NOT_APPLICABLE,NOT_APPLICABLE
trading_system_postgresql,public,portfolio_audit_current_state,4,state_digest,text,false,false,false,false,NAME_AND_TYPE_INFERRED_E2_REQUIRED,NON_SECRET_METADATA,,false,NOT_TIME_BEARING,NOT_APPLICABLE,NOT_APPLICABLE
trading_system_postgresql,public,portfolio_audit_current_state,5,repeat_count,bigint,false,true,false,false,NAME_AND_TYPE_INFERRED_E2_REQUIRED,NON_SECRET_METADATA,,false,NOT_TIME_BEARING,NOT_APPLICABLE,NOT_APPLICABLE
trading_system_postgresql,public,portfolio_audit_current_state,6,last_audit_id,bigint,true,false,false,false,NAME_AND_TYPE_INFERRED_E2_REQUIRED,NON_SECRET_METADATA,,false,NOT_TIME_BEARING,NOT_APPLICABLE,NOT_APPLICABLE
trading_system_postgresql,public,portfolio_audit_current_state,7,first_observed_at,timestamp with time zone,false,true,false,false,NAME_AND_TYPE_INFERRED_E2_REQUIRED,NON_SECRET_METADATA,,true,TIMESTAMPTZ_DB_DECLARED,DATABASE_TIMESTAMP_PRECISION,OFFSET_AWARE_DATABASE_TYPE
trading_system_postgresql,public,portfolio_audit_current_state,8,last_observed_at,timestamp with time zone,false,true,false,false,NAME_AND_TYPE_INFERRED_E2_REQUIRED,NON_SECRET_METADATA,,true,TIMESTAMPTZ_DB_DECLARED,DATABASE_TIMESTAMP_PRECISION,OFFSET_AWARE_DATABASE_TYPE
trading_system_postgresql,public,portfolio_audit_log,1,audit_id,bigint,false,true,false,false,NAME_AND_TYPE_INFERRED_E2_REQUIRED,NON_SECRET_METADATA,,false,NOT_TIME_BEARING,NOT_APPLICABLE,NOT_APPLICABLE
trading_system_postgresql,public,portfolio_audit_log,2,actor,text,false,false,false,false,NAME_AND_TYPE_INFERRED_E2_REQUIRED,NON_SECRET_METADATA,,false,NOT_TIME_BEARING,NOT_APPLICABLE,NOT_APPLICABLE
trading_system_postgresql,public,portfolio_audit_log,3,action,text,false,false,false,false,NAME_AND_TYPE_INFERRED_E2_REQUIRED,NON_SECRET_METADATA,,false,NOT_TIME_BEARING,NOT_APPLICABLE,NOT_APPLICABLE
trading_system_postgresql,public,portfolio_audit_log,4,target_type,text,false,false,false,false,NAME_AND_TYPE_INFERRED_E2_REQUIRED,NON_SECRET_METADATA,,false,NOT_TIME_BEARING,NOT_APPLICABLE,NOT_APPLICABLE
trading_system_postgresql,public,portfolio_audit_log,5,target_id,text,false,false,false,false,NAME_AND_TYPE_INFERRED_E2_REQUIRED,NON_SECRET_METADATA,,false,NOT_TIME_BEARING,NOT_APPLICABLE,NOT_APPLICABLE
trading_system_postgresql,public,portfolio_audit_log,6,before_state,jsonb,true,false,false,false,NAME_AND_TYPE_INFERRED_E2_REQUIRED,NON_SECRET_METADATA,,false,NOT_TIME_BEARING,NOT_APPLICABLE,NOT_APPLICABLE
trading_system_postgresql,public,portfolio_audit_log,7,after_state,jsonb,true,false,false,false,NAME_AND_TYPE_INFERRED_E2_REQUIRED,NON_SECRET_METADATA,,false,NOT_TIME_BEARING,NOT_APPLICABLE,NOT_APPLICABLE
trading_system_postgresql,public,portfolio_audit_log,8,reason,text,true,false,false,false,NAME_AND_TYPE_INFERRED_E2_REQUIRED,NON_SECRET_METADATA,,false,NOT_TIME_BEARING,NOT_APPLICABLE,NOT_APPLICABLE
trading_system_postgresql,public,portfolio_audit_log,9,metadata,jsonb,false,true,false,false,NAME_AND_TYPE_INFERRED_E2_REQUIRED,MAY_CONTAIN_SENSITIVE_STRUCTURED_DATA,,false,NOT_TIME_BEARING,NOT_APPLICABLE,NOT_APPLICABLE
trading_system_postgresql,public,portfolio_audit_log,10,created_at,timestamp with time zone,false,true,false,false,NAME_AND_TYPE_INFERRED_E2_REQUIRED,NON_SECRET_METADATA,,true,TIMESTAMPTZ_DB_DECLARED,DATABASE_TIMESTAMP_PRECISION,OFFSET_AWARE_DATABASE_TYPE
trading_system_postgresql,public,portfolio_audit_log,11,state_digest,text,true,false,false,false,NAME_AND_TYPE_INFERRED_E2_REQUIRED,NON_SECRET_METADATA,,false,NOT_TIME_BEARING,NOT_APPLICABLE,NOT_APPLICABLE
trading_system_postgresql,public,portfolio_audit_log,12,effect_changed,boolean,false,true,false,false,NAME_AND_TYPE_INFERRED_E2_REQUIRED,NON_SECRET_METADATA,,false,NOT_TIME_BEARING,NOT_APPLICABLE,NOT_APPLICABLE
trading_system_postgresql,public,portfolio_capital_ledger,1,capital_ledger_id,bigint,false,true,false,false,NAME_AND_TYPE_INFERRED_E2_REQUIRED,NON_SECRET_METADATA,,false,NOT_TIME_BEARING,NOT_APPLICABLE,NOT_APPLICABLE
trading_system_postgresql,public,portfolio_capital_ledger,2,portfolio_id,text,false,false,false,false,SCOPE_DIMENSION_NAME_INFERRED_E2_REQUIRED,NON_SECRET_METADATA,portfolio,false,NOT_TIME_BEARING,NOT_APPLICABLE,NOT_APPLICABLE
trading_system_postgresql,public,portfolio_capital_ledger,3,allocation_id,text,true,false,false,false,NAME_AND_TYPE_INFERRED_E2_REQUIRED,NON_SECRET_METADATA,,false,NOT_TIME_BEARING,NOT_APPLICABLE,NOT_APPLICABLE
trading_system_postgresql,public,portfolio_capital_ledger,4,strategy_id,text,false,false,false,false,SCOPE_DIMENSION_NAME_INFERRED_E2_REQUIRED,NON_SECRET_METADATA,strategy,false,NOT_TIME_BEARING,NOT_APPLICABLE,NOT_APPLICABLE
trading_system_postgresql,public,portfolio_capital_ledger,5,account_id,text,false,false,false,false,SCOPE_DIMENSION_NAME_INFERRED_E2_REQUIRED,NON_SECRET_METADATA,account,false,NOT_TIME_BEARING,NOT_APPLICABLE,NOT_APPLICABLE
trading_system_postgresql,public,portfolio_capital_ledger,6,mode,text,false,false,false,false,SCOPE_DIMENSION_NAME_INFERRED_E2_REQUIRED,NON_SECRET_METADATA,mode,false,NOT_TIME_BEARING,NOT_APPLICABLE,NOT_APPLICABLE
trading_system_postgresql,public,portfolio_capital_ledger,7,venue,text,false,false,false,false,SCOPE_DIMENSION_NAME_INFERRED_E2_REQUIRED,NON_SECRET_METADATA,venue,false,NOT_TIME_BEARING,NOT_APPLICABLE,NOT_APPLICABLE
trading_system_postgresql,public,portfolio_capital_ledger,8,currency,text,false,false,false,false,NAME_AND_TYPE_INFERRED_E2_REQUIRED,NON_SECRET_METADATA,,false,NOT_TIME_BEARING,NOT_APPLICABLE,NOT_APPLICABLE
trading_system_postgresql,public,portfolio_capital_ledger,9,movement_type,text,false,false,false,false,NAME_AND_TYPE_INFERRED_E2_REQUIRED,NON_SECRET_METADATA,,false,NOT_TIME_BEARING,NOT_APPLICABLE,NOT_APPLICABLE
trading_system_postgresql,public,portfolio_capital_ledger,10,amount,"numeric(38,18)",false,false,false,false,NAME_AND_TYPE_INFERRED_E2_REQUIRED,NON_SECRET_METADATA,,false,NOT_TIME_BEARING,NOT_APPLICABLE,NOT_APPLICABLE
trading_system_postgresql,public,portfolio_capital_ledger,11,before_allocated,"numeric(38,18)",false,true,false,false,NAME_AND_TYPE_INFERRED_E2_REQUIRED,NON_SECRET_METADATA,,false,NOT_TIME_BEARING,NOT_APPLICABLE,NOT_APPLICABLE
trading_system_postgresql,public,portfolio_capital_ledger,12,after_allocated,"numeric(38,18)",false,true,false,false,NAME_AND_TYPE_INFERRED_E2_REQUIRED,NON_SECRET_METADATA,,false,NOT_TIME_BEARING,NOT_APPLICABLE,NOT_APPLICABLE
trading_system_postgresql,public,portfolio_capital_ledger,13,reason,text,true,false,false,false,NAME_AND_TYPE_INFERRED_E2_REQUIRED,NON_SECRET_METADATA,,false,NOT_TIME_BEARING,NOT_APPLICABLE,NOT_APPLICABLE
trading_system_postgresql,public,portfolio_capital_ledger,14,actor,text,true,false,false,false,NAME_AND_TYPE_INFERRED_E2_REQUIRED,NON_SECRET_METADATA,,false,NOT_TIME_BEARING,NOT_APPLICABLE,NOT_APPLICABLE
trading_system_postgresql,public,portfolio_capital_ledger,15,metadata,jsonb,false,true,false,false,NAME_AND_TYPE_INFERRED_E2_REQUIRED,MAY_CONTAIN_SENSITIVE_STRUCTURED_DATA,,false,NOT_TIME_BEARING,NOT_APPLICABLE,NOT_APPLICABLE
trading_system_postgresql,public,portfolio_capital_ledger,16,created_at,timestamp with time zone,false,true,false,false,NAME_AND_TYPE_INFERRED_E2_REQUIRED,NON_SECRET_METADATA,,true,TIMESTAMPTZ_DB_DECLARED,DATABASE_TIMESTAMP_PRECISION,OFFSET_AWARE_DATABASE_TYPE
trading_system_postgresql,public,portfolio_equity_snapshots,1,id,bigint,false,true,false,false,NAME_AND_TYPE_INFERRED_E2_REQUIRED,NON_SECRET_METADATA,,false,NOT_TIME_BEARING,NOT_APPLICABLE,NOT_APPLICABLE
trading_system_postgresql,public,portfolio_equity_snapshots,2,ts,timestamp with time zone,false,false,false,false,NAME_AND_TYPE_INFERRED_E2_REQUIRED,NON_SECRET_METADATA,,true,TIMESTAMPTZ_DB_DECLARED,DATABASE_TIMESTAMP_PRECISION,OFFSET_AWARE_DATABASE_TYPE
trading_system_postgresql,public,portfolio_equity_snapshots,3,portfolio_id,text,false,false,false,false,SCOPE_DIMENSION_NAME_INFERRED_E2_REQUIRED,NON_SECRET_METADATA,portfolio,false,NOT_TIME_BEARING,NOT_APPLICABLE,NOT_APPLICABLE
trading_system_postgresql,public,portfolio_equity_snapshots,4,currency,text,false,false,false,false,NAME_AND_TYPE_INFERRED_E2_REQUIRED,NON_SECRET_METADATA,,false,NOT_TIME_BEARING,NOT_APPLICABLE,NOT_APPLICABLE
trading_system_postgresql,public,portfolio_equity_snapshots,5,allocated_capital,"numeric(38,18)",false,true,false,false,NAME_AND_TYPE_INFERRED_E2_REQUIRED,NON_SECRET_METADATA,,false,NOT_TIME_BEARING,NOT_APPLICABLE,NOT_APPLICABLE
trading_system_postgresql,public,portfolio_equity_snapshots,6,account_count,integer,false,true,false,false,NAME_AND_TYPE_INFERRED_E2_REQUIRED,NON_SECRET_METADATA,,false,NOT_TIME_BEARING,NOT_APPLICABLE,NOT_APPLICABLE
trading_system_postgresql,public,portfolio_equity_snapshots,7,cash_total,"numeric(38,18)",false,true,false,false,NAME_AND_TYPE_INFERRED_E2_REQUIRED,NON_SECRET_METADATA,,false,NOT_TIME_BEARING,NOT_APPLICABLE,NOT_APPLICABLE
trading_system_postgresql,public,portfolio_equity_snapshots,8,cash_free,"numeric(38,18)",false,true,false,false,NAME_AND_TYPE_INFERRED_E2_REQUIRED,NON_SECRET_METADATA,,false,NOT_TIME_BEARING,NOT_APPLICABLE,NOT_APPLICABLE
trading_system_postgresql,public,portfolio_equity_snapshots,9,cash_locked,"numeric(38,18)",false,true,false,false,NAME_AND_TYPE_INFERRED_E2_REQUIRED,NON_SECRET_METADATA,,false,NOT_TIME_BEARING,NOT_APPLICABLE,NOT_APPLICABLE
trading_system_postgresql,public,portfolio_equity_snapshots,10,margin_initial,"numeric(38,18)",false,true,false,false,NAME_AND_TYPE_INFERRED_E2_REQUIRED,NON_SECRET_METADATA,,false,NOT_TIME_BEARING,NOT_APPLICABLE,NOT_APPLICABLE
trading_system_postgresql,public,portfolio_equity_snapshots,11,margin_maintenance,"numeric(38,18)",false,true,false,false,NAME_AND_TYPE_INFERRED_E2_REQUIRED,NON_SECRET_METADATA,,false,NOT_TIME_BEARING,NOT_APPLICABLE,NOT_APPLICABLE
trading_system_postgresql,public,portfolio_equity_snapshots,12,realized_pnl,"numeric(38,18)",false,true,false,false,NAME_AND_TYPE_INFERRED_E2_REQUIRED,NON_SECRET_METADATA,,false,NOT_TIME_BEARING,NOT_APPLICABLE,NOT_APPLICABLE
trading_system_postgresql,public,portfolio_equity_snapshots,13,unrealized_pnl,"numeric(38,18)",false,true,false,false,NAME_AND_TYPE_INFERRED_E2_REQUIRED,NON_SECRET_METADATA,,false,NOT_TIME_BEARING,NOT_APPLICABLE,NOT_APPLICABLE
trading_system_postgresql,public,portfolio_equity_snapshots,14,fee_total,"numeric(38,18)",false,true,false,false,NAME_AND_TYPE_INFERRED_E2_REQUIRED,NON_SECRET_METADATA,,false,NOT_TIME_BEARING,NOT_APPLICABLE,NOT_APPLICABLE
trading_system_postgresql,public,portfolio_equity_snapshots,15,funding_pnl,"numeric(38,18)",false,true,false,false,NAME_AND_TYPE_INFERRED_E2_REQUIRED,NON_SECRET_METADATA,,false,NOT_TIME_BEARING,NOT_APPLICABLE,NOT_APPLICABLE
trading_system_postgresql,public,portfolio_equity_snapshots,16,gross_pnl,"numeric(38,18)",false,true,false,false,NAME_AND_TYPE_INFERRED_E2_REQUIRED,NON_SECRET_METADATA,,false,NOT_TIME_BEARING,NOT_APPLICABLE,NOT_APPLICABLE
trading_system_postgresql,public,portfolio_equity_snapshots,17,net_pnl,"numeric(38,18)",false,true,false,false,NAME_AND_TYPE_INFERRED_E2_REQUIRED,NON_SECRET_METADATA,,false,NOT_TIME_BEARING,NOT_APPLICABLE,NOT_APPLICABLE
trading_system_postgresql,public,portfolio_equity_snapshots,18,equity,"numeric(38,18)",false,true,false,false,NAME_AND_TYPE_INFERRED_E2_REQUIRED,NON_SECRET_METADATA,,false,NOT_TIME_BEARING,NOT_APPLICABLE,NOT_APPLICABLE
trading_system_postgresql,public,portfolio_equity_snapshots,19,drawdown,"numeric(18,8)",false,true,false,false,NAME_AND_TYPE_INFERRED_E2_REQUIRED,NON_SECRET_METADATA,,false,NOT_TIME_BEARING,NOT_APPLICABLE,NOT_APPLICABLE
trading_system_postgresql,public,portfolio_equity_snapshots,20,total_notional,"numeric(38,18)",false,true,false,false,NAME_AND_TYPE_INFERRED_E2_REQUIRED,NON_SECRET_METADATA,,false,NOT_TIME_BEARING,NOT_APPLICABLE,NOT_APPLICABLE
trading_system_postgresql,public,portfolio_equity_snapshots,21,total_fills,integer,false,true,false,false,NAME_AND_TYPE_INFERRED_E2_REQUIRED,NON_SECRET_METADATA,,false,NOT_TIME_BEARING,NOT_APPLICABLE,NOT_APPLICABLE
trading_system_postgresql,public,portfolio_equity_snapshots,22,source,text,false,true,false,false,NAME_AND_TYPE_INFERRED_E2_REQUIRED,NON_SECRET_METADATA,,false,NOT_TIME_BEARING,NOT_APPLICABLE,NOT_APPLICABLE
trading_system_postgresql,public,portfolio_equity_snapshots,23,created_at,timestamp with time zone,false,true,false,false,NAME_AND_TYPE_INFERRED_E2_REQUIRED,NON_SECRET_METADATA,,true,TIMESTAMPTZ_DB_DECLARED,DATABASE_TIMESTAMP_PRECISION,OFFSET_AWARE_DATABASE_TYPE
trading_system_postgresql,public,portfolio_equity_snapshots,24,snapshot_reason,text,false,true,false,false,NAME_AND_TYPE_INFERRED_E2_REQUIRED,NON_SECRET_METADATA,,false,NOT_TIME_BEARING,NOT_APPLICABLE,NOT_APPLICABLE
trading_system_postgresql,public,portfolio_equity_snapshots,25,state_digest,text,true,false,false,false,NAME_AND_TYPE_INFERRED_E2_REQUIRED,NON_SECRET_METADATA,,false,NOT_TIME_BEARING,NOT_APPLICABLE,NOT_APPLICABLE
trading_system_postgresql,public,portfolios,1,portfolio_id,text,false,false,false,false,SCOPE_DIMENSION_NAME_INFERRED_E2_REQUIRED,NON_SECRET_METADATA,portfolio,false,NOT_TIME_BEARING,NOT_APPLICABLE,NOT_APPLICABLE
trading_system_postgresql,public,portfolios,2,name,text,false,false,false,false,NAME_AND_TYPE_INFERRED_E2_REQUIRED,IDENTIFIER_OR_PERSONAL_DATA_CANDIDATE,,false,NOT_TIME_BEARING,NOT_APPLICABLE,NOT_APPLICABLE
trading_system_postgresql,public,portfolios,3,owner,text,true,false,false,false,NAME_AND_TYPE_INFERRED_E2_REQUIRED,NON_SECRET_METADATA,,false,NOT_TIME_BEARING,NOT_APPLICABLE,NOT_APPLICABLE
trading_system_postgresql,public,portfolios,4,base_currency,text,true,false,false,false,NAME_AND_TYPE_INFERRED_E2_REQUIRED,NON_SECRET_METADATA,,false,NOT_TIME_BEARING,NOT_APPLICABLE,NOT_APPLICABLE
trading_system_postgresql,public,portfolios,5,state,text,false,true,false,false,NAME_AND_TYPE_INFERRED_E2_REQUIRED,NON_SECRET_METADATA,,false,NOT_TIME_BEARING,NOT_APPLICABLE,NOT_APPLICABLE
trading_system_postgresql,public,portfolios,6,metadata,jsonb,false,true,false,false,NAME_AND_TYPE_INFERRED_E2_REQUIRED,MAY_CONTAIN_SENSITIVE_STRUCTURED_DATA,,false,NOT_TIME_BEARING,NOT_APPLICABLE,NOT_APPLICABLE
trading_system_postgresql,public,portfolios,7,created_at,timestamp with time zone,false,true,false,false,NAME_AND_TYPE_INFERRED_E2_REQUIRED,NON_SECRET_METADATA,,true,TIMESTAMPTZ_DB_DECLARED,DATABASE_TIMESTAMP_PRECISION,OFFSET_AWARE_DATABASE_TYPE
trading_system_postgresql,public,portfolios,8,updated_at,timestamp with time zone,false,true,false,false,NAME_AND_TYPE_INFERRED_E2_REQUIRED,NON_SECRET_METADATA,,true,TIMESTAMPTZ_DB_DECLARED,DATABASE_TIMESTAMP_PRECISION,OFFSET_AWARE_DATABASE_TYPE
trading_system_postgresql,public,positions_v2,1,position_id,text,false,false,false,false,NAME_AND_TYPE_INFERRED_E2_REQUIRED,NON_SECRET_METADATA,,false,NOT_TIME_BEARING,NOT_APPLICABLE,NOT_APPLICABLE
trading_system_postgresql,public,positions_v2,2,strategy_id,text,true,false,false,false,SCOPE_DIMENSION_NAME_INFERRED_E2_REQUIRED,NON_SECRET_METADATA,strategy,false,NOT_TIME_BEARING,NOT_APPLICABLE,NOT_APPLICABLE
trading_system_postgresql,public,positions_v2,3,account_id,text,true,false,false,false,SCOPE_DIMENSION_NAME_INFERRED_E2_REQUIRED,NON_SECRET_METADATA,account,false,NOT_TIME_BEARING,NOT_APPLICABLE,NOT_APPLICABLE
trading_system_postgresql,public,positions_v2,4,mode,text,false,false,false,false,SCOPE_DIMENSION_NAME_INFERRED_E2_REQUIRED,NON_SECRET_METADATA,mode,false,NOT_TIME_BEARING,NOT_APPLICABLE,NOT_APPLICABLE
trading_system_postgresql,public,positions_v2,5,venue,text,false,false,false,false,SCOPE_DIMENSION_NAME_INFERRED_E2_REQUIRED,NON_SECRET_METADATA,venue,false,NOT_TIME_BEARING,NOT_APPLICABLE,NOT_APPLICABLE
trading_system_postgresql,public,positions_v2,6,instrument_id,text,false,false,false,false,SCOPE_DIMENSION_NAME_INFERRED_E2_REQUIRED,NON_SECRET_METADATA,instrument,false,NOT_TIME_BEARING,NOT_APPLICABLE,NOT_APPLICABLE
trading_system_postgresql,public,positions_v2,7,side,text,false,false,false,false,NAME_AND_TYPE_INFERRED_E2_REQUIRED,NON_SECRET_METADATA,,false,NOT_TIME_BEARING,NOT_APPLICABLE,NOT_APPLICABLE
trading_system_postgresql,public,positions_v2,8,signed_qty,"numeric(38,18)",false,true,false,false,NAME_AND_TYPE_INFERRED_E2_REQUIRED,NON_SECRET_METADATA,,false,NOT_TIME_BEARING,NOT_APPLICABLE,NOT_APPLICABLE
trading_system_postgresql,public,positions_v2,9,quantity,"numeric(38,18)",false,true,false,false,NAME_AND_TYPE_INFERRED_E2_REQUIRED,NON_SECRET_METADATA,,false,NOT_TIME_BEARING,NOT_APPLICABLE,NOT_APPLICABLE
trading_system_postgresql,public,positions_v2,10,avg_px_open,"numeric(38,18)",false,true,false,false,NAME_AND_TYPE_INFERRED_E2_REQUIRED,NON_SECRET_METADATA,,false,NOT_TIME_BEARING,NOT_APPLICABLE,NOT_APPLICABLE
trading_system_postgresql,public,positions_v2,11,avg_px_close,"numeric(38,18)",false,true,false,false,NAME_AND_TYPE_INFERRED_E2_REQUIRED,NON_SECRET_METADATA,,false,NOT_TIME_BEARING,NOT_APPLICABLE,NOT_APPLICABLE
trading_system_postgresql,public,positions_v2,12,realized_pnl,"numeric(38,18)",false,true,false,false,NAME_AND_TYPE_INFERRED_E2_REQUIRED,NON_SECRET_METADATA,,false,NOT_TIME_BEARING,NOT_APPLICABLE,NOT_APPLICABLE
trading_system_postgresql,public,positions_v2,13,unrealized_pnl,"numeric(38,18)",false,true,false,false,NAME_AND_TYPE_INFERRED_E2_REQUIRED,NON_SECRET_METADATA,,false,NOT_TIME_BEARING,NOT_APPLICABLE,NOT_APPLICABLE
trading_system_postgresql,public,positions_v2,14,mark_price,"numeric(38,18)",true,false,false,false,NAME_AND_TYPE_INFERRED_E2_REQUIRED,NON_SECRET_METADATA,,false,NOT_TIME_BEARING,NOT_APPLICABLE,NOT_APPLICABLE
trading_system_postgresql,public,positions_v2,15,mark_price_at,timestamp with time zone,true,false,false,false,NAME_AND_TYPE_INFERRED_E2_REQUIRED,NON_SECRET_METADATA,,true,TIMESTAMPTZ_DB_DECLARED,DATABASE_TIMESTAMP_PRECISION,OFFSET_AWARE_DATABASE_TYPE
trading_system_postgresql,public,positions_v2,16,notional,"numeric(38,18)",false,true,false,false,NAME_AND_TYPE_INFERRED_E2_REQUIRED,NON_SECRET_METADATA,,false,NOT_TIME_BEARING,NOT_APPLICABLE,NOT_APPLICABLE
trading_system_postgresql,public,positions_v2,17,peak_qty,"numeric(38,18)",false,true,false,false,NAME_AND_TYPE_INFERRED_E2_REQUIRED,NON_SECRET_METADATA,,false,NOT_TIME_BEARING,NOT_APPLICABLE,NOT_APPLICABLE
trading_system_postgresql,public,positions_v2,18,opened_at,timestamp with time zone,true,false,false,false,NAME_AND_TYPE_INFERRED_E2_REQUIRED,NON_SECRET_METADATA,,true,TIMESTAMPTZ_DB_DECLARED,DATABASE_TIMESTAMP_PRECISION,OFFSET_AWARE_DATABASE_TYPE
trading_system_postgresql,public,positions_v2,19,closed_at,timestamp with time zone,true,false,false,false,NAME_AND_TYPE_INFERRED_E2_REQUIRED,NON_SECRET_METADATA,,true,TIMESTAMPTZ_DB_DECLARED,DATABASE_TIMESTAMP_PRECISION,OFFSET_AWARE_DATABASE_TYPE
trading_system_postgresql,public,positions_v2,20,updated_at,timestamp with time zone,false,true,false,false,NAME_AND_TYPE_INFERRED_E2_REQUIRED,NON_SECRET_METADATA,,true,TIMESTAMPTZ_DB_DECLARED,DATABASE_TIMESTAMP_PRECISION,OFFSET_AWARE_DATABASE_TYPE
trading_system_postgresql,public,projection_storage_policies,1,policy_name,text,false,false,false,false,NAME_AND_TYPE_INFERRED_E2_REQUIRED,IDENTIFIER_OR_PERSONAL_DATA_CANDIDATE,,false,NOT_TIME_BEARING,NOT_APPLICABLE,NOT_APPLICABLE
trading_system_postgresql,public,projection_storage_policies,2,data_class,text,false,false,false,false,NAME_AND_TYPE_INFERRED_E2_REQUIRED,NON_SECRET_METADATA,,false,NOT_TIME_BEARING,NOT_APPLICABLE,NOT_APPLICABLE
trading_system_postgresql,public,projection_storage_policies,3,retention_interval,interval,true,false,false,false,NAME_AND_TYPE_INFERRED_E2_REQUIRED,NON_SECRET_METADATA,,false,NOT_TIME_BEARING,NOT_APPLICABLE,NOT_APPLICABLE
trading_system_postgresql,public,projection_storage_policies,4,compression_interval,interval,true,false,false,false,NAME_AND_TYPE_INFERRED_E2_REQUIRED,NON_SECRET_METADATA,,false,NOT_TIME_BEARING,NOT_APPLICABLE,NOT_APPLICABLE
trading_system_postgresql,public,projection_storage_policies,5,idle_cadence_seconds,integer,true,false,false,false,NAME_AND_TYPE_INFERRED_E2_REQUIRED,NON_SECRET_METADATA,,true,EPOCH_SECONDS_NAME_INFERRED,SECONDS,E2_CLOCK_AUTHORITY_REQUIRED
trading_system_postgresql,public,projection_storage_policies,6,active_cadence_seconds,integer,true,false,false,false,NAME_AND_TYPE_INFERRED_E2_REQUIRED,NON_SECRET_METADATA,,true,EPOCH_SECONDS_NAME_INFERRED,SECONDS,E2_CLOCK_AUTHORITY_REQUIRED
trading_system_postgresql,public,projection_storage_policies,7,immutable,boolean,false,true,false,false,NAME_AND_TYPE_INFERRED_E2_REQUIRED,NON_SECRET_METADATA,,false,NOT_TIME_BEARING,NOT_APPLICABLE,NOT_APPLICABLE
trading_system_postgresql,public,projection_storage_policies,8,authority,text,false,false,false,false,NAME_AND_TYPE_INFERRED_E2_REQUIRED,NON_SECRET_METADATA,,false,NOT_TIME_BEARING,NOT_APPLICABLE,NOT_APPLICABLE
trading_system_postgresql,public,projection_storage_policies,9,enabled,boolean,false,true,false,false,NAME_AND_TYPE_INFERRED_E2_REQUIRED,NON_SECRET_METADATA,,false,NOT_TIME_BEARING,NOT_APPLICABLE,NOT_APPLICABLE
trading_system_postgresql,public,projection_storage_policies,10,updated_at,timestamp with time zone,false,true,false,false,NAME_AND_TYPE_INFERRED_E2_REQUIRED,NON_SECRET_METADATA,,true,TIMESTAMPTZ_DB_DECLARED,DATABASE_TIMESTAMP_PRECISION,OFFSET_AWARE_DATABASE_TYPE
trading_system_postgresql,public,reconciliation_findings,1,finding_id,uuid,false,true,false,false,NAME_AND_TYPE_INFERRED_E2_REQUIRED,NON_SECRET_METADATA,,false,NOT_TIME_BEARING,NOT_APPLICABLE,NOT_APPLICABLE
trading_system_postgresql,public,reconciliation_findings,2,mode,text,false,false,false,false,SCOPE_DIMENSION_NAME_INFERRED_E2_REQUIRED,NON_SECRET_METADATA,mode,false,NOT_TIME_BEARING,NOT_APPLICABLE,NOT_APPLICABLE
trading_system_postgresql,public,reconciliation_findings,3,venue,text,false,false,false,false,SCOPE_DIMENSION_NAME_INFERRED_E2_REQUIRED,NON_SECRET_METADATA,venue,false,NOT_TIME_BEARING,NOT_APPLICABLE,NOT_APPLICABLE
trading_system_postgresql,public,reconciliation_findings,4,account_id,text,true,false,false,false,SCOPE_DIMENSION_NAME_INFERRED_E2_REQUIRED,NON_SECRET_METADATA,account,false,NOT_TIME_BEARING,NOT_APPLICABLE,NOT_APPLICABLE
trading_system_postgresql,public,reconciliation_findings,5,strategy_id,text,true,false,false,false,SCOPE_DIMENSION_NAME_INFERRED_E2_REQUIRED,NON_SECRET_METADATA,strategy,false,NOT_TIME_BEARING,NOT_APPLICABLE,NOT_APPLICABLE
trading_system_postgresql,public,reconciliation_findings,6,finding_type,text,false,false,false,false,NAME_AND_TYPE_INFERRED_E2_REQUIRED,NON_SECRET_METADATA,,false,NOT_TIME_BEARING,NOT_APPLICABLE,NOT_APPLICABLE
trading_system_postgresql,public,reconciliation_findings,7,severity,text,false,false,false,false,NAME_AND_TYPE_INFERRED_E2_REQUIRED,NON_SECRET_METADATA,,false,NOT_TIME_BEARING,NOT_APPLICABLE,NOT_APPLICABLE
trading_system_postgresql,public,reconciliation_findings,8,status,text,false,true,false,false,NAME_AND_TYPE_INFERRED_E2_REQUIRED,NON_SECRET_METADATA,,false,NOT_TIME_BEARING,NOT_APPLICABLE,NOT_APPLICABLE
trading_system_postgresql,public,reconciliation_findings,9,details,jsonb,false,true,false,false,NAME_AND_TYPE_INFERRED_E2_REQUIRED,MAY_CONTAIN_SENSITIVE_STRUCTURED_DATA,,false,NOT_TIME_BEARING,NOT_APPLICABLE,NOT_APPLICABLE
trading_system_postgresql,public,reconciliation_findings,10,created_at,timestamp with time zone,false,true,false,false,NAME_AND_TYPE_INFERRED_E2_REQUIRED,NON_SECRET_METADATA,,true,TIMESTAMPTZ_DB_DECLARED,DATABASE_TIMESTAMP_PRECISION,OFFSET_AWARE_DATABASE_TYPE
trading_system_postgresql,public,reconciliation_findings,11,resolved_at,timestamp with time zone,true,false,false,false,NAME_AND_TYPE_INFERRED_E2_REQUIRED,NON_SECRET_METADATA,,true,TIMESTAMPTZ_DB_DECLARED,DATABASE_TIMESTAMP_PRECISION,OFFSET_AWARE_DATABASE_TYPE
trading_system_postgresql,public,reconciliation_findings,12,execution_session_id,text,true,false,false,false,SCOPE_DIMENSION_NAME_INFERRED_E2_REQUIRED,NON_SECRET_METADATA,session,false,NOT_TIME_BEARING,NOT_APPLICABLE,NOT_APPLICABLE
trading_system_postgresql,public,reconciliation_observation_buckets,1,action,text,false,false,false,false,NAME_AND_TYPE_INFERRED_E2_REQUIRED,NON_SECRET_METADATA,,false,NOT_TIME_BEARING,NOT_APPLICABLE,NOT_APPLICABLE
trading_system_postgresql,public,reconciliation_observation_buckets,2,target_type,text,false,false,false,false,NAME_AND_TYPE_INFERRED_E2_REQUIRED,NON_SECRET_METADATA,,false,NOT_TIME_BEARING,NOT_APPLICABLE,NOT_APPLICABLE
trading_system_postgresql,public,reconciliation_observation_buckets,3,target_id,text,false,false,false,false,NAME_AND_TYPE_INFERRED_E2_REQUIRED,NON_SECRET_METADATA,,false,NOT_TIME_BEARING,NOT_APPLICABLE,NOT_APPLICABLE
trading_system_postgresql,public,reconciliation_observation_buckets,4,bucket_start,timestamp with time zone,false,false,false,false,NAME_AND_TYPE_INFERRED_E2_REQUIRED,NON_SECRET_METADATA,,true,TIMESTAMPTZ_DB_DECLARED,DATABASE_TIMESTAMP_PRECISION,OFFSET_AWARE_DATABASE_TYPE
trading_system_postgresql,public,reconciliation_observation_buckets,5,observation_count,bigint,false,true,false,false,NAME_AND_TYPE_INFERRED_E2_REQUIRED,NON_SECRET_METADATA,,false,NOT_TIME_BEARING,NOT_APPLICABLE,NOT_APPLICABLE
trading_system_postgresql,public,reconciliation_observation_buckets,6,no_op_count,bigint,false,true,false,false,NAME_AND_TYPE_INFERRED_E2_REQUIRED,NON_SECRET_METADATA,,false,NOT_TIME_BEARING,NOT_APPLICABLE,NOT_APPLICABLE
trading_system_postgresql,public,reconciliation_observation_buckets,7,mismatch_count,bigint,false,true,false,false,NAME_AND_TYPE_INFERRED_E2_REQUIRED,NON_SECRET_METADATA,,false,NOT_TIME_BEARING,NOT_APPLICABLE,NOT_APPLICABLE
trading_system_postgresql,public,reconciliation_observation_buckets,8,repair_count,bigint,false,true,false,false,NAME_AND_TYPE_INFERRED_E2_REQUIRED,NON_SECRET_METADATA,,false,NOT_TIME_BEARING,NOT_APPLICABLE,NOT_APPLICABLE
trading_system_postgresql,public,reconciliation_observation_buckets,9,last_state_digest,text,true,false,false,false,NAME_AND_TYPE_INFERRED_E2_REQUIRED,NON_SECRET_METADATA,,false,NOT_TIME_BEARING,NOT_APPLICABLE,NOT_APPLICABLE
trading_system_postgresql,public,reconciliation_observation_buckets,10,last_observed_at,timestamp with time zone,false,true,false,false,NAME_AND_TYPE_INFERRED_E2_REQUIRED,NON_SECRET_METADATA,,true,TIMESTAMPTZ_DB_DECLARED,DATABASE_TIMESTAMP_PRECISION,OFFSET_AWARE_DATABASE_TYPE
trading_system_postgresql,public,redis_transport_epochs,1,transport_name,text,false,false,false,false,NAME_AND_TYPE_INFERRED_E2_REQUIRED,IDENTIFIER_OR_PERSONAL_DATA_CANDIDATE,,false,NOT_TIME_BEARING,NOT_APPLICABLE,NOT_APPLICABLE
trading_system_postgresql,public,redis_transport_epochs,2,current_run_id,text,false,false,false,false,NAME_AND_TYPE_INFERRED_E2_REQUIRED,NON_SECRET_METADATA,,false,NOT_TIME_BEARING,NOT_APPLICABLE,NOT_APPLICABLE
trading_system_postgresql,public,redis_transport_epochs,3,previous_run_id,text,true,false,false,false,NAME_AND_TYPE_INFERRED_E2_REQUIRED,NON_SECRET_METADATA,,false,NOT_TIME_BEARING,NOT_APPLICABLE,NOT_APPLICABLE
trading_system_postgresql,public,redis_transport_epochs,4,first_seen_at,timestamp with time zone,false,true,false,false,NAME_AND_TYPE_INFERRED_E2_REQUIRED,NON_SECRET_METADATA,,true,TIMESTAMPTZ_DB_DECLARED,DATABASE_TIMESTAMP_PRECISION,OFFSET_AWARE_DATABASE_TYPE
trading_system_postgresql,public,redis_transport_epochs,5,changed_at,timestamp with time zone,true,false,false,false,NAME_AND_TYPE_INFERRED_E2_REQUIRED,NON_SECRET_METADATA,,true,TIMESTAMPTZ_DB_DECLARED,DATABASE_TIMESTAMP_PRECISION,OFFSET_AWARE_DATABASE_TYPE
trading_system_postgresql,public,redis_transport_epochs,6,last_seen_at,timestamp with time zone,false,true,false,false,NAME_AND_TYPE_INFERRED_E2_REQUIRED,NON_SECRET_METADATA,,true,TIMESTAMPTZ_DB_DECLARED,DATABASE_TIMESTAMP_PRECISION,OFFSET_AWARE_DATABASE_TYPE
trading_system_postgresql,public,risk_grants,1,risk_grant_id,text,false,false,false,false,NAME_AND_TYPE_INFERRED_E2_REQUIRED,NON_SECRET_METADATA,,false,NOT_TIME_BEARING,NOT_APPLICABLE,NOT_APPLICABLE
trading_system_postgresql,public,risk_grants,2,execution_session_id,text,true,false,false,false,SCOPE_DIMENSION_NAME_INFERRED_E2_REQUIRED,NON_SECRET_METADATA,session,false,NOT_TIME_BEARING,NOT_APPLICABLE,NOT_APPLICABLE
trading_system_postgresql,public,risk_grants,3,strategy_id,text,false,false,false,false,SCOPE_DIMENSION_NAME_INFERRED_E2_REQUIRED,NON_SECRET_METADATA,strategy,false,NOT_TIME_BEARING,NOT_APPLICABLE,NOT_APPLICABLE
trading_system_postgresql,public,risk_grants,4,account_id,text,false,false,false,false,SCOPE_DIMENSION_NAME_INFERRED_E2_REQUIRED,NON_SECRET_METADATA,account,false,NOT_TIME_BEARING,NOT_APPLICABLE,NOT_APPLICABLE
trading_system_postgresql,public,risk_grants,5,mode,text,false,false,false,false,SCOPE_DIMENSION_NAME_INFERRED_E2_REQUIRED,NON_SECRET_METADATA,mode,false,NOT_TIME_BEARING,NOT_APPLICABLE,NOT_APPLICABLE
trading_system_postgresql,public,risk_grants,6,venue,text,false,false,false,false,SCOPE_DIMENSION_NAME_INFERRED_E2_REQUIRED,NON_SECRET_METADATA,venue,false,NOT_TIME_BEARING,NOT_APPLICABLE,NOT_APPLICABLE
trading_system_postgresql,public,risk_grants,7,state,text,false,true,false,false,NAME_AND_TYPE_INFERRED_E2_REQUIRED,NON_SECRET_METADATA,,false,NOT_TIME_BEARING,NOT_APPLICABLE,NOT_APPLICABLE
trading_system_postgresql,public,risk_grants,8,approved_orders,jsonb,false,true,false,false,NAME_AND_TYPE_INFERRED_E2_REQUIRED,NON_SECRET_METADATA,,false,NOT_TIME_BEARING,NOT_APPLICABLE,NOT_APPLICABLE
trading_system_postgresql,public,risk_grants,9,rejected_orders,jsonb,false,true,false,false,NAME_AND_TYPE_INFERRED_E2_REQUIRED,NON_SECRET_METADATA,,false,NOT_TIME_BEARING,NOT_APPLICABLE,NOT_APPLICABLE
trading_system_postgresql,public,risk_grants,10,max_gross_notional,"numeric(30,10)",false,true,false,false,NAME_AND_TYPE_INFERRED_E2_REQUIRED,NON_SECRET_METADATA,,false,NOT_TIME_BEARING,NOT_APPLICABLE,NOT_APPLICABLE
trading_system_postgresql,public,risk_grants,11,max_net_notional,"numeric(30,10)",false,true,false,false,NAME_AND_TYPE_INFERRED_E2_REQUIRED,NON_SECRET_METADATA,,false,NOT_TIME_BEARING,NOT_APPLICABLE,NOT_APPLICABLE
trading_system_postgresql,public,risk_grants,12,expires_at,timestamp with time zone,false,false,false,false,NAME_AND_TYPE_INFERRED_E2_REQUIRED,NON_SECRET_METADATA,,true,TIMESTAMPTZ_DB_DECLARED,DATABASE_TIMESTAMP_PRECISION,OFFSET_AWARE_DATABASE_TYPE
trading_system_postgresql,public,risk_grants,13,invalidated_at,timestamp with time zone,true,false,false,false,NAME_AND_TYPE_INFERRED_E2_REQUIRED,NON_SECRET_METADATA,,true,TIMESTAMPTZ_DB_DECLARED,DATABASE_TIMESTAMP_PRECISION,OFFSET_AWARE_DATABASE_TYPE
trading_system_postgresql,public,risk_grants,14,invalidation_reason,text,true,false,false,false,NAME_AND_TYPE_INFERRED_E2_REQUIRED,NON_SECRET_METADATA,,false,NOT_TIME_BEARING,NOT_APPLICABLE,NOT_APPLICABLE
trading_system_postgresql,public,risk_grants,15,metadata,jsonb,false,true,false,false,NAME_AND_TYPE_INFERRED_E2_REQUIRED,MAY_CONTAIN_SENSITIVE_STRUCTURED_DATA,,false,NOT_TIME_BEARING,NOT_APPLICABLE,NOT_APPLICABLE
trading_system_postgresql,public,risk_grants,16,created_at,timestamp with time zone,false,true,false,false,NAME_AND_TYPE_INFERRED_E2_REQUIRED,NON_SECRET_METADATA,,true,TIMESTAMPTZ_DB_DECLARED,DATABASE_TIMESTAMP_PRECISION,OFFSET_AWARE_DATABASE_TYPE
trading_system_postgresql,public,risk_grants,17,updated_at,timestamp with time zone,false,true,false,false,NAME_AND_TYPE_INFERRED_E2_REQUIRED,NON_SECRET_METADATA,,true,TIMESTAMPTZ_DB_DECLARED,DATABASE_TIMESTAMP_PRECISION,OFFSET_AWARE_DATABASE_TYPE
trading_system_postgresql,public,risk_grants,18,engine_version,text,false,true,false,false,NAME_AND_TYPE_INFERRED_E2_REQUIRED,NON_SECRET_METADATA,,false,NOT_TIME_BEARING,NOT_APPLICABLE,NOT_APPLICABLE
trading_system_postgresql,public,risk_grants,19,canonical_contract_version,text,false,true,false,false,NAME_AND_TYPE_INFERRED_E2_REQUIRED,NON_SECRET_METADATA,,false,NOT_TIME_BEARING,NOT_APPLICABLE,NOT_APPLICABLE
trading_system_postgresql,public,risk_grants,20,instrument_metadata_version,text,false,true,false,false,NAME_AND_TYPE_INFERRED_E2_REQUIRED,MAY_CONTAIN_SENSITIVE_STRUCTURED_DATA,,false,NOT_TIME_BEARING,NOT_APPLICABLE,NOT_APPLICABLE
trading_system_postgresql,public,risk_grants,21,decision_digest,text,true,false,false,false,NAME_AND_TYPE_INFERRED_E2_REQUIRED,NON_SECRET_METADATA,,false,NOT_TIME_BEARING,NOT_APPLICABLE,NOT_APPLICABLE
trading_system_postgresql,public,risk_profiles,1,strategy_id,text,false,false,false,false,SCOPE_DIMENSION_NAME_INFERRED_E2_REQUIRED,NON_SECRET_METADATA,strategy,false,NOT_TIME_BEARING,NOT_APPLICABLE,NOT_APPLICABLE
trading_system_postgresql,public,risk_profiles,2,mode,text,false,false,false,false,SCOPE_DIMENSION_NAME_INFERRED_E2_REQUIRED,NON_SECRET_METADATA,mode,false,NOT_TIME_BEARING,NOT_APPLICABLE,NOT_APPLICABLE
trading_system_postgresql,public,risk_profiles,3,venue,text,false,false,false,false,SCOPE_DIMENSION_NAME_INFERRED_E2_REQUIRED,NON_SECRET_METADATA,venue,false,NOT_TIME_BEARING,NOT_APPLICABLE,NOT_APPLICABLE
trading_system_postgresql,public,risk_profiles,4,instrument_id,text,true,false,false,false,SCOPE_DIMENSION_NAME_INFERRED_E2_REQUIRED,NON_SECRET_METADATA,instrument,false,NOT_TIME_BEARING,NOT_APPLICABLE,NOT_APPLICABLE
trading_system_postgresql,public,risk_profiles,5,max_notional_order,"numeric(38,18)",true,false,false,false,NAME_AND_TYPE_INFERRED_E2_REQUIRED,NON_SECRET_METADATA,,false,NOT_TIME_BEARING,NOT_APPLICABLE,NOT_APPLICABLE
trading_system_postgresql,public,risk_profiles,6,max_notional_position,"numeric(38,18)",true,false,false,false,NAME_AND_TYPE_INFERRED_E2_REQUIRED,NON_SECRET_METADATA,,false,NOT_TIME_BEARING,NOT_APPLICABLE,NOT_APPLICABLE
trading_system_postgresql,public,risk_profiles,7,max_leverage,"numeric(18,8)",true,false,false,false,NAME_AND_TYPE_INFERRED_E2_REQUIRED,NON_SECRET_METADATA,,false,NOT_TIME_BEARING,NOT_APPLICABLE,NOT_APPLICABLE
trading_system_postgresql,public,risk_profiles,8,max_order_per_second,integer,true,false,false,false,NAME_AND_TYPE_INFERRED_E2_REQUIRED,NON_SECRET_METADATA,,false,NOT_TIME_BEARING,NOT_APPLICABLE,NOT_APPLICABLE
trading_system_postgresql,public,risk_profiles,9,max_order_per_minute,integer,true,false,false,false,NAME_AND_TYPE_INFERRED_E2_REQUIRED,NON_SECRET_METADATA,,false,NOT_TIME_BEARING,NOT_APPLICABLE,NOT_APPLICABLE
trading_system_postgresql,public,risk_profiles,10,max_daily_loss,"numeric(38,18)",true,false,false,false,NAME_AND_TYPE_INFERRED_E2_REQUIRED,NON_SECRET_METADATA,,false,NOT_TIME_BEARING,NOT_APPLICABLE,NOT_APPLICABLE
trading_system_postgresql,public,risk_profiles,11,max_drawdown,"numeric(18,8)",true,false,false,false,NAME_AND_TYPE_INFERRED_E2_REQUIRED,NON_SECRET_METADATA,,false,NOT_TIME_BEARING,NOT_APPLICABLE,NOT_APPLICABLE
trading_system_postgresql,public,risk_profiles,12,allowed_order_types,text[],false,true,false,false,NAME_AND_TYPE_INFERRED_E2_REQUIRED,NON_SECRET_METADATA,,false,NOT_TIME_BEARING,NOT_APPLICABLE,NOT_APPLICABLE
trading_system_postgresql,public,risk_profiles,13,trading_state,text,false,true,false,false,NAME_AND_TYPE_INFERRED_E2_REQUIRED,NON_SECRET_METADATA,,false,NOT_TIME_BEARING,NOT_APPLICABLE,NOT_APPLICABLE
trading_system_postgresql,public,risk_profiles,14,is_active,boolean,false,true,false,false,NAME_AND_TYPE_INFERRED_E2_REQUIRED,NON_SECRET_METADATA,,false,NOT_TIME_BEARING,NOT_APPLICABLE,NOT_APPLICABLE
trading_system_postgresql,public,risk_profiles,15,updated_at,timestamp with time zone,false,true,false,false,NAME_AND_TYPE_INFERRED_E2_REQUIRED,NON_SECRET_METADATA,,true,TIMESTAMPTZ_DB_DECLARED,DATABASE_TIMESTAMP_PRECISION,OFFSET_AWARE_DATABASE_TYPE
trading_system_postgresql,public,schema_migration_ledger,1,version,text,false,false,false,false,NAME_AND_TYPE_INFERRED_E2_REQUIRED,NON_SECRET_METADATA,,false,NOT_TIME_BEARING,NOT_APPLICABLE,NOT_APPLICABLE
trading_system_postgresql,public,schema_migration_ledger,2,filename,text,false,false,false,false,NAME_AND_TYPE_INFERRED_E2_REQUIRED,IDENTIFIER_OR_PERSONAL_DATA_CANDIDATE,,false,NOT_TIME_BEARING,NOT_APPLICABLE,NOT_APPLICABLE
trading_system_postgresql,public,schema_migration_ledger,3,checksum_sha256,text,false,false,false,false,NAME_AND_TYPE_INFERRED_E2_REQUIRED,NON_SECRET_METADATA,,false,NOT_TIME_BEARING,NOT_APPLICABLE,NOT_APPLICABLE
trading_system_postgresql,public,schema_migration_ledger,4,apply_mode,text,false,false,false,false,SCOPE_DIMENSION_NAME_INFERRED_E2_REQUIRED,NON_SECRET_METADATA,mode,false,NOT_TIME_BEARING,NOT_APPLICABLE,NOT_APPLICABLE
trading_system_postgresql,public,schema_migration_ledger,5,applied_at,timestamp with time zone,false,true,false,false,NAME_AND_TYPE_INFERRED_E2_REQUIRED,NON_SECRET_METADATA,,true,TIMESTAMPTZ_DB_DECLARED,DATABASE_TIMESTAMP_PRECISION,OFFSET_AWARE_DATABASE_TYPE
trading_system_postgresql,public,schema_migration_ledger,6,execution_ms,"numeric(18,3)",true,false,false,false,NAME_AND_TYPE_INFERRED_E2_REQUIRED,NON_SECRET_METADATA,,true,EPOCH_MILLISECONDS_NAME_INFERRED,MILLISECONDS,E2_CLOCK_AUTHORITY_REQUIRED
trading_system_postgresql,public,schema_migration_ledger,7,runner_id,text,false,false,false,false,NAME_AND_TYPE_INFERRED_E2_REQUIRED,NON_SECRET_METADATA,,false,NOT_TIME_BEARING,NOT_APPLICABLE,NOT_APPLICABLE
trading_system_postgresql,public,schema_migration_ledger,8,metadata,jsonb,false,true,false,false,NAME_AND_TYPE_INFERRED_E2_REQUIRED,MAY_CONTAIN_SENSITIVE_STRUCTURED_DATA,,false,NOT_TIME_BEARING,NOT_APPLICABLE,NOT_APPLICABLE
trading_system_postgresql,public,schema_object_ownership,1,object_schema,text,false,true,false,false,NAME_AND_TYPE_INFERRED_E2_REQUIRED,NON_SECRET_METADATA,,false,NOT_TIME_BEARING,NOT_APPLICABLE,NOT_APPLICABLE
trading_system_postgresql,public,schema_object_ownership,2,object_name,text,false,false,false,false,NAME_AND_TYPE_INFERRED_E2_REQUIRED,IDENTIFIER_OR_PERSONAL_DATA_CANDIDATE,,false,NOT_TIME_BEARING,NOT_APPLICABLE,NOT_APPLICABLE
trading_system_postgresql,public,schema_object_ownership,3,object_type,text,false,false,false,false,NAME_AND_TYPE_INFERRED_E2_REQUIRED,NON_SECRET_METADATA,,false,NOT_TIME_BEARING,NOT_APPLICABLE,NOT_APPLICABLE
trading_system_postgresql,public,schema_object_ownership,4,owner_service,text,false,false,false,false,NAME_AND_TYPE_INFERRED_E2_REQUIRED,NON_SECRET_METADATA,,false,NOT_TIME_BEARING,NOT_APPLICABLE,NOT_APPLICABLE
trading_system_postgresql,public,schema_object_ownership,5,data_class,text,false,false,false,false,NAME_AND_TYPE_INFERRED_E2_REQUIRED,NON_SECRET_METADATA,,false,NOT_TIME_BEARING,NOT_APPLICABLE,NOT_APPLICABLE
trading_system_postgresql,public,schema_object_ownership,6,source_file,text,false,false,false,false,NAME_AND_TYPE_INFERRED_E2_REQUIRED,NON_SECRET_METADATA,,false,NOT_TIME_BEARING,NOT_APPLICABLE,NOT_APPLICABLE
trading_system_postgresql,public,schema_object_ownership,7,updated_at,timestamp with time zone,false,true,false,false,NAME_AND_TYPE_INFERRED_E2_REQUIRED,NON_SECRET_METADATA,,true,TIMESTAMPTZ_DB_DECLARED,DATABASE_TIMESTAMP_PRECISION,OFFSET_AWARE_DATABASE_TYPE
trading_system_postgresql,public,service_heartbeats,1,service_name,text,false,false,false,false,NAME_AND_TYPE_INFERRED_E2_REQUIRED,IDENTIFIER_OR_PERSONAL_DATA_CANDIDATE,,false,NOT_TIME_BEARING,NOT_APPLICABLE,NOT_APPLICABLE
trading_system_postgresql,public,service_heartbeats,2,instance_id,text,false,false,false,false,NAME_AND_TYPE_INFERRED_E2_REQUIRED,NON_SECRET_METADATA,,false,NOT_TIME_BEARING,NOT_APPLICABLE,NOT_APPLICABLE
trading_system_postgresql,public,service_heartbeats,3,status,text,false,false,false,false,NAME_AND_TYPE_INFERRED_E2_REQUIRED,NON_SECRET_METADATA,,false,NOT_TIME_BEARING,NOT_APPLICABLE,NOT_APPLICABLE
trading_system_postgresql,public,service_heartbeats,4,details,jsonb,false,true,false,false,NAME_AND_TYPE_INFERRED_E2_REQUIRED,MAY_CONTAIN_SENSITIVE_STRUCTURED_DATA,,false,NOT_TIME_BEARING,NOT_APPLICABLE,NOT_APPLICABLE
trading_system_postgresql,public,service_heartbeats,5,last_seen_at,timestamp with time zone,false,true,false,false,NAME_AND_TYPE_INFERRED_E2_REQUIRED,NON_SECRET_METADATA,,true,TIMESTAMPTZ_DB_DECLARED,DATABASE_TIMESTAMP_PRECISION,OFFSET_AWARE_DATABASE_TYPE
trading_system_postgresql,public,settlement_buckets,1,account_id,text,false,false,false,false,SCOPE_DIMENSION_NAME_INFERRED_E2_REQUIRED,NON_SECRET_METADATA,account,false,NOT_TIME_BEARING,NOT_APPLICABLE,NOT_APPLICABLE
trading_system_postgresql,public,settlement_buckets,2,instrument_id,text,true,false,false,false,SCOPE_DIMENSION_NAME_INFERRED_E2_REQUIRED,NON_SECRET_METADATA,instrument,false,NOT_TIME_BEARING,NOT_APPLICABLE,NOT_APPLICABLE
trading_system_postgresql,public,settlement_buckets,3,currency,text,true,false,false,false,NAME_AND_TYPE_INFERRED_E2_REQUIRED,NON_SECRET_METADATA,,false,NOT_TIME_BEARING,NOT_APPLICABLE,NOT_APPLICABLE
trading_system_postgresql,public,settlement_buckets,4,bucket_type,text,false,false,false,false,NAME_AND_TYPE_INFERRED_E2_REQUIRED,NON_SECRET_METADATA,,false,NOT_TIME_BEARING,NOT_APPLICABLE,NOT_APPLICABLE
trading_system_postgresql,public,settlement_buckets,5,quantity,"numeric(38,18)",true,false,false,false,NAME_AND_TYPE_INFERRED_E2_REQUIRED,NON_SECRET_METADATA,,false,NOT_TIME_BEARING,NOT_APPLICABLE,NOT_APPLICABLE
trading_system_postgresql,public,settlement_buckets,6,amount,"numeric(38,18)",true,false,false,false,NAME_AND_TYPE_INFERRED_E2_REQUIRED,NON_SECRET_METADATA,,false,NOT_TIME_BEARING,NOT_APPLICABLE,NOT_APPLICABLE
trading_system_postgresql,public,settlement_buckets,7,available_date,date,true,false,false,false,NAME_AND_TYPE_INFERRED_E2_REQUIRED,NON_SECRET_METADATA,,true,DATE_ONLY_DB_DECLARED,DAY,DATE_WITHOUT_TIME_ZONE
trading_system_postgresql,public,settlement_buckets,8,updated_at,timestamp with time zone,false,true,false,false,NAME_AND_TYPE_INFERRED_E2_REQUIRED,NON_SECRET_METADATA,,true,TIMESTAMPTZ_DB_DECLARED,DATABASE_TIMESTAMP_PRECISION,OFFSET_AWARE_DATABASE_TYPE
trading_system_postgresql,public,settlement_calendars,1,venue,text,false,false,false,false,SCOPE_DIMENSION_NAME_INFERRED_E2_REQUIRED,NON_SECRET_METADATA,venue,false,NOT_TIME_BEARING,NOT_APPLICABLE,NOT_APPLICABLE
trading_system_postgresql,public,settlement_calendars,2,market,text,false,false,false,false,NAME_AND_TYPE_INFERRED_E2_REQUIRED,NON_SECRET_METADATA,,false,NOT_TIME_BEARING,NOT_APPLICABLE,NOT_APPLICABLE
trading_system_postgresql,public,settlement_calendars,3,trade_date,date,false,false,false,false,NAME_AND_TYPE_INFERRED_E2_REQUIRED,NON_SECRET_METADATA,,true,DATE_ONLY_DB_DECLARED,DAY,DATE_WITHOUT_TIME_ZONE
trading_system_postgresql,public,settlement_calendars,4,settlement_date,date,true,false,false,false,NAME_AND_TYPE_INFERRED_E2_REQUIRED,NON_SECRET_METADATA,,true,DATE_ONLY_DB_DECLARED,DAY,DATE_WITHOUT_TIME_ZONE
trading_system_postgresql,public,settlement_calendars,5,is_trading_day,boolean,false,true,false,false,NAME_AND_TYPE_INFERRED_E2_REQUIRED,NON_SECRET_METADATA,,false,NOT_TIME_BEARING,NOT_APPLICABLE,NOT_APPLICABLE
trading_system_postgresql,public,settlement_calendars,6,metadata,jsonb,false,true,false,false,NAME_AND_TYPE_INFERRED_E2_REQUIRED,MAY_CONTAIN_SENSITIVE_STRUCTURED_DATA,,false,NOT_TIME_BEARING,NOT_APPLICABLE,NOT_APPLICABLE
trading_system_postgresql,public,settlements,1,settlement_id,uuid,false,true,false,false,NAME_AND_TYPE_INFERRED_E2_REQUIRED,NON_SECRET_METADATA,,false,NOT_TIME_BEARING,NOT_APPLICABLE,NOT_APPLICABLE
trading_system_postgresql,public,settlements,2,account_id,text,false,false,false,false,SCOPE_DIMENSION_NAME_INFERRED_E2_REQUIRED,NON_SECRET_METADATA,account,false,NOT_TIME_BEARING,NOT_APPLICABLE,NOT_APPLICABLE
trading_system_postgresql,public,settlements,3,strategy_id,text,true,false,false,false,SCOPE_DIMENSION_NAME_INFERRED_E2_REQUIRED,NON_SECRET_METADATA,strategy,false,NOT_TIME_BEARING,NOT_APPLICABLE,NOT_APPLICABLE
trading_system_postgresql,public,settlements,4,mode,text,false,false,false,false,SCOPE_DIMENSION_NAME_INFERRED_E2_REQUIRED,NON_SECRET_METADATA,mode,false,NOT_TIME_BEARING,NOT_APPLICABLE,NOT_APPLICABLE
trading_system_postgresql,public,settlements,5,venue,text,false,false,false,false,SCOPE_DIMENSION_NAME_INFERRED_E2_REQUIRED,NON_SECRET_METADATA,venue,false,NOT_TIME_BEARING,NOT_APPLICABLE,NOT_APPLICABLE
trading_system_postgresql,public,settlements,6,instrument_id,text,true,false,false,false,SCOPE_DIMENSION_NAME_INFERRED_E2_REQUIRED,NON_SECRET_METADATA,instrument,false,NOT_TIME_BEARING,NOT_APPLICABLE,NOT_APPLICABLE
trading_system_postgresql,public,settlements,7,source_event_id,uuid,true,false,false,false,NAME_AND_TYPE_INFERRED_E2_REQUIRED,NON_SECRET_METADATA,,false,NOT_TIME_BEARING,NOT_APPLICABLE,NOT_APPLICABLE
trading_system_postgresql,public,settlements,8,settlement_type,text,false,false,false,false,NAME_AND_TYPE_INFERRED_E2_REQUIRED,NON_SECRET_METADATA,,false,NOT_TIME_BEARING,NOT_APPLICABLE,NOT_APPLICABLE
trading_system_postgresql,public,settlements,9,direction,text,false,false,false,false,NAME_AND_TYPE_INFERRED_E2_REQUIRED,NON_SECRET_METADATA,,false,NOT_TIME_BEARING,NOT_APPLICABLE,NOT_APPLICABLE
trading_system_postgresql,public,settlements,10,currency,text,true,false,false,false,NAME_AND_TYPE_INFERRED_E2_REQUIRED,NON_SECRET_METADATA,,false,NOT_TIME_BEARING,NOT_APPLICABLE,NOT_APPLICABLE
trading_system_postgresql,public,settlements,11,quantity,"numeric(38,18)",true,false,false,false,NAME_AND_TYPE_INFERRED_E2_REQUIRED,NON_SECRET_METADATA,,false,NOT_TIME_BEARING,NOT_APPLICABLE,NOT_APPLICABLE
trading_system_postgresql,public,settlements,12,amount,"numeric(38,18)",true,false,false,false,NAME_AND_TYPE_INFERRED_E2_REQUIRED,NON_SECRET_METADATA,,false,NOT_TIME_BEARING,NOT_APPLICABLE,NOT_APPLICABLE
trading_system_postgresql,public,settlements,13,trade_date,date,false,false,false,false,NAME_AND_TYPE_INFERRED_E2_REQUIRED,NON_SECRET_METADATA,,true,DATE_ONLY_DB_DECLARED,DAY,DATE_WITHOUT_TIME_ZONE
trading_system_postgresql,public,settlements,14,settlement_date,date,false,false,false,false,NAME_AND_TYPE_INFERRED_E2_REQUIRED,NON_SECRET_METADATA,,true,DATE_ONLY_DB_DECLARED,DAY,DATE_WITHOUT_TIME_ZONE
trading_system_postgresql,public,settlements,15,status,text,false,true,false,false,NAME_AND_TYPE_INFERRED_E2_REQUIRED,NON_SECRET_METADATA,,false,NOT_TIME_BEARING,NOT_APPLICABLE,NOT_APPLICABLE
trading_system_postgresql,public,settlements,16,created_at,timestamp with time zone,false,true,false,false,NAME_AND_TYPE_INFERRED_E2_REQUIRED,NON_SECRET_METADATA,,true,TIMESTAMPTZ_DB_DECLARED,DATABASE_TIMESTAMP_PRECISION,OFFSET_AWARE_DATABASE_TYPE
trading_system_postgresql,public,settlements,17,settled_at,timestamp with time zone,true,false,false,false,NAME_AND_TYPE_INFERRED_E2_REQUIRED,NON_SECRET_METADATA,,true,TIMESTAMPTZ_DB_DECLARED,DATABASE_TIMESTAMP_PRECISION,OFFSET_AWARE_DATABASE_TYPE
trading_system_postgresql,public,sizing_decisions,1,decision_id,text,false,true,false,false,NAME_AND_TYPE_INFERRED_E2_REQUIRED,NON_SECRET_METADATA,,false,NOT_TIME_BEARING,NOT_APPLICABLE,NOT_APPLICABLE
trading_system_postgresql,public,sizing_decisions,2,created_at,timestamp with time zone,false,true,false,false,NAME_AND_TYPE_INFERRED_E2_REQUIRED,NON_SECRET_METADATA,,true,TIMESTAMPTZ_DB_DECLARED,DATABASE_TIMESTAMP_PRECISION,OFFSET_AWARE_DATABASE_TYPE
trading_system_postgresql,public,sizing_decisions,3,strategy_id,text,false,false,false,false,SCOPE_DIMENSION_NAME_INFERRED_E2_REQUIRED,NON_SECRET_METADATA,strategy,false,NOT_TIME_BEARING,NOT_APPLICABLE,NOT_APPLICABLE
trading_system_postgresql,public,sizing_decisions,4,account_id,text,false,false,false,false,SCOPE_DIMENSION_NAME_INFERRED_E2_REQUIRED,NON_SECRET_METADATA,account,false,NOT_TIME_BEARING,NOT_APPLICABLE,NOT_APPLICABLE
trading_system_postgresql,public,sizing_decisions,5,mode,text,false,false,false,false,SCOPE_DIMENSION_NAME_INFERRED_E2_REQUIRED,NON_SECRET_METADATA,mode,false,NOT_TIME_BEARING,NOT_APPLICABLE,NOT_APPLICABLE
trading_system_postgresql,public,sizing_decisions,6,venue,text,false,false,false,false,SCOPE_DIMENSION_NAME_INFERRED_E2_REQUIRED,NON_SECRET_METADATA,venue,false,NOT_TIME_BEARING,NOT_APPLICABLE,NOT_APPLICABLE
trading_system_postgresql,public,sizing_decisions,7,symbol,text,false,false,false,false,SCOPE_DIMENSION_NAME_INFERRED_E2_REQUIRED,NON_SECRET_METADATA,instrument,false,NOT_TIME_BEARING,NOT_APPLICABLE,NOT_APPLICABLE
trading_system_postgresql,public,sizing_decisions,8,currency,text,false,true,false,false,NAME_AND_TYPE_INFERRED_E2_REQUIRED,NON_SECRET_METADATA,,false,NOT_TIME_BEARING,NOT_APPLICABLE,NOT_APPLICABLE
trading_system_postgresql,public,sizing_decisions,9,status,text,false,false,false,false,NAME_AND_TYPE_INFERRED_E2_REQUIRED,NON_SECRET_METADATA,,false,NOT_TIME_BEARING,NOT_APPLICABLE,NOT_APPLICABLE
trading_system_postgresql,public,sizing_decisions,10,reason,text,true,false,false,false,NAME_AND_TYPE_INFERRED_E2_REQUIRED,NON_SECRET_METADATA,,false,NOT_TIME_BEARING,NOT_APPLICABLE,NOT_APPLICABLE
trading_system_postgresql,public,sizing_decisions,11,quantity,"numeric(38,18)",true,false,false,false,NAME_AND_TYPE_INFERRED_E2_REQUIRED,NON_SECRET_METADATA,,false,NOT_TIME_BEARING,NOT_APPLICABLE,NOT_APPLICABLE
trading_system_postgresql,public,sizing_decisions,12,requested_quantity,"numeric(38,18)",true,false,false,false,NAME_AND_TYPE_INFERRED_E2_REQUIRED,MAY_CONTAIN_SENSITIVE_STRUCTURED_DATA,,false,NOT_TIME_BEARING,NOT_APPLICABLE,NOT_APPLICABLE
trading_system_postgresql,public,sizing_decisions,13,entry_price,"numeric(38,18)",true,false,false,false,NAME_AND_TYPE_INFERRED_E2_REQUIRED,NON_SECRET_METADATA,,false,NOT_TIME_BEARING,NOT_APPLICABLE,NOT_APPLICABLE
trading_system_postgresql,public,sizing_decisions,14,stop_price,"numeric(38,18)",true,false,false,false,NAME_AND_TYPE_INFERRED_E2_REQUIRED,NON_SECRET_METADATA,,false,NOT_TIME_BEARING,NOT_APPLICABLE,NOT_APPLICABLE
trading_system_postgresql,public,sizing_decisions,15,equity,"numeric(38,18)",true,false,false,false,NAME_AND_TYPE_INFERRED_E2_REQUIRED,NON_SECRET_METADATA,,false,NOT_TIME_BEARING,NOT_APPLICABLE,NOT_APPLICABLE
trading_system_postgresql,public,sizing_decisions,16,equity_source,text,true,false,false,false,NAME_AND_TYPE_INFERRED_E2_REQUIRED,NON_SECRET_METADATA,,false,NOT_TIME_BEARING,NOT_APPLICABLE,NOT_APPLICABLE
trading_system_postgresql,public,sizing_decisions,17,alloc_per_trade,"numeric(38,18)",true,false,false,false,NAME_AND_TYPE_INFERRED_E2_REQUIRED,NON_SECRET_METADATA,,false,NOT_TIME_BEARING,NOT_APPLICABLE,NOT_APPLICABLE
trading_system_postgresql,public,sizing_decisions,18,leverage,"numeric(38,18)",true,false,false,false,NAME_AND_TYPE_INFERRED_E2_REQUIRED,NON_SECRET_METADATA,,false,NOT_TIME_BEARING,NOT_APPLICABLE,NOT_APPLICABLE
trading_system_postgresql,public,sizing_decisions,19,gross_notional,"numeric(38,18)",true,false,false,false,NAME_AND_TYPE_INFERRED_E2_REQUIRED,NON_SECRET_METADATA,,false,NOT_TIME_BEARING,NOT_APPLICABLE,NOT_APPLICABLE
trading_system_postgresql,public,sizing_decisions,20,effective_notional,"numeric(38,18)",true,false,false,false,NAME_AND_TYPE_INFERRED_E2_REQUIRED,NON_SECRET_METADATA,,false,NOT_TIME_BEARING,NOT_APPLICABLE,NOT_APPLICABLE
trading_system_postgresql,public,sizing_decisions,21,notional,"numeric(38,18)",true,false,false,false,NAME_AND_TYPE_INFERRED_E2_REQUIRED,NON_SECRET_METADATA,,false,NOT_TIME_BEARING,NOT_APPLICABLE,NOT_APPLICABLE
trading_system_postgresql,public,sizing_decisions,22,initial_margin,"numeric(38,18)",true,false,false,false,NAME_AND_TYPE_INFERRED_E2_REQUIRED,NON_SECRET_METADATA,,false,NOT_TIME_BEARING,NOT_APPLICABLE,NOT_APPLICABLE
trading_system_postgresql,public,sizing_decisions,23,maintenance_margin,"numeric(38,18)",true,false,false,false,NAME_AND_TYPE_INFERRED_E2_REQUIRED,NON_SECRET_METADATA,,false,NOT_TIME_BEARING,NOT_APPLICABLE,NOT_APPLICABLE
trading_system_postgresql,public,sizing_decisions,24,risk_percent,"numeric(38,18)",true,false,false,false,NAME_AND_TYPE_INFERRED_E2_REQUIRED,NON_SECRET_METADATA,,false,NOT_TIME_BEARING,NOT_APPLICABLE,NOT_APPLICABLE
trading_system_postgresql,public,sizing_decisions,25,risk_amount,"numeric(38,18)",true,false,false,false,NAME_AND_TYPE_INFERRED_E2_REQUIRED,NON_SECRET_METADATA,,false,NOT_TIME_BEARING,NOT_APPLICABLE,NOT_APPLICABLE
trading_system_postgresql,public,sizing_decisions,26,qty_by_risk,"numeric(38,18)",true,false,false,false,NAME_AND_TYPE_INFERRED_E2_REQUIRED,NON_SECRET_METADATA,,false,NOT_TIME_BEARING,NOT_APPLICABLE,NOT_APPLICABLE
trading_system_postgresql,public,sizing_decisions,27,qty_by_notional,"numeric(38,18)",true,false,false,false,NAME_AND_TYPE_INFERRED_E2_REQUIRED,NON_SECRET_METADATA,,false,NOT_TIME_BEARING,NOT_APPLICABLE,NOT_APPLICABLE
trading_system_postgresql,public,sizing_decisions,28,source,text,false,true,false,false,NAME_AND_TYPE_INFERRED_E2_REQUIRED,NON_SECRET_METADATA,,false,NOT_TIME_BEARING,NOT_APPLICABLE,NOT_APPLICABLE
trading_system_postgresql,public,sizing_decisions,29,capital_model,jsonb,false,true,false,false,NAME_AND_TYPE_INFERRED_E2_REQUIRED,NON_SECRET_METADATA,,false,NOT_TIME_BEARING,NOT_APPLICABLE,NOT_APPLICABLE
trading_system_postgresql,public,sizing_decisions,30,market_info,jsonb,false,true,false,false,NAME_AND_TYPE_INFERRED_E2_REQUIRED,NON_SECRET_METADATA,,false,NOT_TIME_BEARING,NOT_APPLICABLE,NOT_APPLICABLE
trading_system_postgresql,public,sizing_decisions,31,broker_binding,jsonb,false,true,false,false,NAME_AND_TYPE_INFERRED_E2_REQUIRED,NON_SECRET_METADATA,,false,NOT_TIME_BEARING,NOT_APPLICABLE,NOT_APPLICABLE
trading_system_postgresql,public,sizing_decisions,32,request,jsonb,false,true,false,false,NAME_AND_TYPE_INFERRED_E2_REQUIRED,MAY_CONTAIN_SENSITIVE_STRUCTURED_DATA,,false,NOT_TIME_BEARING,NOT_APPLICABLE,NOT_APPLICABLE
trading_system_postgresql,public,sizing_decisions,33,response,jsonb,false,true,false,false,NAME_AND_TYPE_INFERRED_E2_REQUIRED,MAY_CONTAIN_SENSITIVE_STRUCTURED_DATA,,false,NOT_TIME_BEARING,NOT_APPLICABLE,NOT_APPLICABLE
trading_system_postgresql,public,storage_archive_manifests,1,manifest_id,uuid,false,true,false,false,NAME_AND_TYPE_INFERRED_E2_REQUIRED,NON_SECRET_METADATA,,false,NOT_TIME_BEARING,NOT_APPLICABLE,NOT_APPLICABLE
trading_system_postgresql,public,storage_archive_manifests,2,policy_id,text,false,false,false,false,NAME_AND_TYPE_INFERRED_E2_REQUIRED,NON_SECRET_METADATA,,false,NOT_TIME_BEARING,NOT_APPLICABLE,NOT_APPLICABLE
trading_system_postgresql,public,storage_archive_manifests,3,relation_name,text,false,false,false,false,NAME_AND_TYPE_INFERRED_E2_REQUIRED,IDENTIFIER_OR_PERSONAL_DATA_CANDIDATE,,false,NOT_TIME_BEARING,NOT_APPLICABLE,NOT_APPLICABLE
trading_system_postgresql,public,storage_archive_manifests,4,output_uri,text,false,false,false,false,NAME_AND_TYPE_INFERRED_E2_REQUIRED,NON_SECRET_METADATA,,false,NOT_TIME_BEARING,NOT_APPLICABLE,NOT_APPLICABLE
trading_system_postgresql,public,storage_archive_manifests,5,row_count,bigint,false,false,false,false,NAME_AND_TYPE_INFERRED_E2_REQUIRED,NON_SECRET_METADATA,,false,NOT_TIME_BEARING,NOT_APPLICABLE,NOT_APPLICABLE
trading_system_postgresql,public,storage_archive_manifests,6,content_sha256,text,false,false,false,false,NAME_AND_TYPE_INFERRED_E2_REQUIRED,NON_SECRET_METADATA,,false,NOT_TIME_BEARING,NOT_APPLICABLE,NOT_APPLICABLE
trading_system_postgresql,public,storage_archive_manifests,7,minimum_time,timestamp with time zone,true,false,false,false,NAME_AND_TYPE_INFERRED_E2_REQUIRED,NON_SECRET_METADATA,,true,TIMESTAMPTZ_DB_DECLARED,DATABASE_TIMESTAMP_PRECISION,OFFSET_AWARE_DATABASE_TYPE
trading_system_postgresql,public,storage_archive_manifests,8,maximum_time,timestamp with time zone,true,false,false,false,NAME_AND_TYPE_INFERRED_E2_REQUIRED,NON_SECRET_METADATA,,true,TIMESTAMPTZ_DB_DECLARED,DATABASE_TIMESTAMP_PRECISION,OFFSET_AWARE_DATABASE_TYPE
trading_system_postgresql,public,storage_archive_manifests,9,status,text,false,true,false,false,NAME_AND_TYPE_INFERRED_E2_REQUIRED,NON_SECRET_METADATA,,false,NOT_TIME_BEARING,NOT_APPLICABLE,NOT_APPLICABLE
trading_system_postgresql,public,storage_archive_manifests,10,metadata,jsonb,false,true,false,false,NAME_AND_TYPE_INFERRED_E2_REQUIRED,MAY_CONTAIN_SENSITIVE_STRUCTURED_DATA,,false,NOT_TIME_BEARING,NOT_APPLICABLE,NOT_APPLICABLE
trading_system_postgresql,public,storage_archive_manifests,11,created_at,timestamp with time zone,false,true,false,false,NAME_AND_TYPE_INFERRED_E2_REQUIRED,NON_SECRET_METADATA,,true,TIMESTAMPTZ_DB_DECLARED,DATABASE_TIMESTAMP_PRECISION,OFFSET_AWARE_DATABASE_TYPE
trading_system_postgresql,public,storage_archive_manifests,12,verified_at,timestamp with time zone,true,false,false,false,NAME_AND_TYPE_INFERRED_E2_REQUIRED,NON_SECRET_METADATA,,true,TIMESTAMPTZ_DB_DECLARED,DATABASE_TIMESTAMP_PRECISION,OFFSET_AWARE_DATABASE_TYPE
trading_system_postgresql,public,storage_archive_manifests,13,restored_at,timestamp with time zone,true,false,false,false,NAME_AND_TYPE_INFERRED_E2_REQUIRED,NON_SECRET_METADATA,,true,TIMESTAMPTZ_DB_DECLARED,DATABASE_TIMESTAMP_PRECISION,OFFSET_AWARE_DATABASE_TYPE
trading_system_postgresql,public,storage_archive_manifests,14,purged_at,timestamp with time zone,true,false,false,false,NAME_AND_TYPE_INFERRED_E2_REQUIRED,NON_SECRET_METADATA,,true,TIMESTAMPTZ_DB_DECLARED,DATABASE_TIMESTAMP_PRECISION,OFFSET_AWARE_DATABASE_TYPE
trading_system_postgresql,public,strategies,1,strategy_id,text,false,false,false,false,SCOPE_DIMENSION_NAME_INFERRED_E2_REQUIRED,NON_SECRET_METADATA,strategy,false,NOT_TIME_BEARING,NOT_APPLICABLE,NOT_APPLICABLE
trading_system_postgresql,public,strategies,2,trader_id,text,true,false,false,false,NAME_AND_TYPE_INFERRED_E2_REQUIRED,NON_SECRET_METADATA,,false,NOT_TIME_BEARING,NOT_APPLICABLE,NOT_APPLICABLE
trading_system_postgresql,public,strategies,3,description,text,true,false,false,false,NAME_AND_TYPE_INFERRED_E2_REQUIRED,NON_SECRET_METADATA,,false,NOT_TIME_BEARING,NOT_APPLICABLE,NOT_APPLICABLE
trading_system_postgresql,public,strategies,4,active,boolean,false,true,false,false,NAME_AND_TYPE_INFERRED_E2_REQUIRED,NON_SECRET_METADATA,,false,NOT_TIME_BEARING,NOT_APPLICABLE,NOT_APPLICABLE
trading_system_postgresql,public,strategies,5,allowed_modes,text[],false,true,false,false,NAME_AND_TYPE_INFERRED_E2_REQUIRED,NON_SECRET_METADATA,,false,NOT_TIME_BEARING,NOT_APPLICABLE,NOT_APPLICABLE
trading_system_postgresql,public,strategies,6,allowed_venues,text[],false,true,false,false,NAME_AND_TYPE_INFERRED_E2_REQUIRED,NON_SECRET_METADATA,,false,NOT_TIME_BEARING,NOT_APPLICABLE,NOT_APPLICABLE
trading_system_postgresql,public,strategies,7,created_at,timestamp with time zone,false,true,false,false,NAME_AND_TYPE_INFERRED_E2_REQUIRED,NON_SECRET_METADATA,,true,TIMESTAMPTZ_DB_DECLARED,DATABASE_TIMESTAMP_PRECISION,OFFSET_AWARE_DATABASE_TYPE
trading_system_postgresql,public,strategy_deployments,1,deployment_id,text,false,false,false,false,SCOPE_DIMENSION_NAME_INFERRED_E2_REQUIRED,NON_SECRET_METADATA,deployment,false,NOT_TIME_BEARING,NOT_APPLICABLE,NOT_APPLICABLE
trading_system_postgresql,public,strategy_deployments,2,strategy_id,text,false,false,false,false,SCOPE_DIMENSION_NAME_INFERRED_E2_REQUIRED,NON_SECRET_METADATA,strategy,false,NOT_TIME_BEARING,NOT_APPLICABLE,NOT_APPLICABLE
trading_system_postgresql,public,strategy_deployments,3,account_id,text,false,false,false,false,SCOPE_DIMENSION_NAME_INFERRED_E2_REQUIRED,NON_SECRET_METADATA,account,false,NOT_TIME_BEARING,NOT_APPLICABLE,NOT_APPLICABLE
trading_system_postgresql,public,strategy_deployments,4,mode,text,false,false,false,false,SCOPE_DIMENSION_NAME_INFERRED_E2_REQUIRED,NON_SECRET_METADATA,mode,false,NOT_TIME_BEARING,NOT_APPLICABLE,NOT_APPLICABLE
trading_system_postgresql,public,strategy_deployments,5,venue,text,false,false,false,false,SCOPE_DIMENSION_NAME_INFERRED_E2_REQUIRED,NON_SECRET_METADATA,venue,false,NOT_TIME_BEARING,NOT_APPLICABLE,NOT_APPLICABLE
trading_system_postgresql,public,strategy_deployments,6,currency,text,true,false,false,false,NAME_AND_TYPE_INFERRED_E2_REQUIRED,NON_SECRET_METADATA,,false,NOT_TIME_BEARING,NOT_APPLICABLE,NOT_APPLICABLE
trading_system_postgresql,public,strategy_deployments,7,active,boolean,false,true,false,false,NAME_AND_TYPE_INFERRED_E2_REQUIRED,NON_SECRET_METADATA,,false,NOT_TIME_BEARING,NOT_APPLICABLE,NOT_APPLICABLE
trading_system_postgresql,public,strategy_deployments,8,metadata,jsonb,false,true,false,false,NAME_AND_TYPE_INFERRED_E2_REQUIRED,MAY_CONTAIN_SENSITIVE_STRUCTURED_DATA,,false,NOT_TIME_BEARING,NOT_APPLICABLE,NOT_APPLICABLE
trading_system_postgresql,public,strategy_deployments,9,created_at,timestamp with time zone,false,true,false,false,NAME_AND_TYPE_INFERRED_E2_REQUIRED,NON_SECRET_METADATA,,true,TIMESTAMPTZ_DB_DECLARED,DATABASE_TIMESTAMP_PRECISION,OFFSET_AWARE_DATABASE_TYPE
trading_system_postgresql,public,strategy_deployments,10,updated_at,timestamp with time zone,false,true,false,false,NAME_AND_TYPE_INFERRED_E2_REQUIRED,NON_SECRET_METADATA,,true,TIMESTAMPTZ_DB_DECLARED,DATABASE_TIMESTAMP_PRECISION,OFFSET_AWARE_DATABASE_TYPE
trading_system_postgresql,public,strategy_deployments,11,portfolio_id,text,true,false,false,false,SCOPE_DIMENSION_NAME_INFERRED_E2_REQUIRED,NON_SECRET_METADATA,portfolio,false,NOT_TIME_BEARING,NOT_APPLICABLE,NOT_APPLICABLE
trading_system_postgresql,public,strategy_deployments,12,state,text,false,true,false,false,NAME_AND_TYPE_INFERRED_E2_REQUIRED,NON_SECRET_METADATA,,false,NOT_TIME_BEARING,NOT_APPLICABLE,NOT_APPLICABLE
trading_system_postgresql,public,strategy_deployments,13,risk_profile_id,text,true,false,false,false,SCOPE_DIMENSION_NAME_INFERRED_E2_REQUIRED,NON_SECRET_METADATA,profile,false,NOT_TIME_BEARING,NOT_APPLICABLE,NOT_APPLICABLE
trading_system_postgresql,public,strategy_deployments,14,account_policy_id,text,true,false,false,false,NAME_AND_TYPE_INFERRED_E2_REQUIRED,NON_SECRET_METADATA,,false,NOT_TIME_BEARING,NOT_APPLICABLE,NOT_APPLICABLE
trading_system_postgresql,public,strategy_deployments,15,metadata_v2,jsonb,false,true,false,false,NAME_AND_TYPE_INFERRED_E2_REQUIRED,MAY_CONTAIN_SENSITIVE_STRUCTURED_DATA,,false,NOT_TIME_BEARING,NOT_APPLICABLE,NOT_APPLICABLE
trading_system_postgresql,public,traders,1,trader_id,text,false,false,false,false,NAME_AND_TYPE_INFERRED_E2_REQUIRED,NON_SECRET_METADATA,,false,NOT_TIME_BEARING,NOT_APPLICABLE,NOT_APPLICABLE
trading_system_postgresql,public,traders,2,name,text,true,false,false,false,NAME_AND_TYPE_INFERRED_E2_REQUIRED,IDENTIFIER_OR_PERSONAL_DATA_CANDIDATE,,false,NOT_TIME_BEARING,NOT_APPLICABLE,NOT_APPLICABLE
trading_system_postgresql,public,traders,3,active,boolean,false,true,false,false,NAME_AND_TYPE_INFERRED_E2_REQUIRED,NON_SECRET_METADATA,,false,NOT_TIME_BEARING,NOT_APPLICABLE,NOT_APPLICABLE
trading_system_postgresql,public,traders,4,created_at,timestamp with time zone,false,true,false,false,NAME_AND_TYPE_INFERRED_E2_REQUIRED,NON_SECRET_METADATA,,true,TIMESTAMPTZ_DB_DECLARED,DATABASE_TIMESTAMP_PRECISION,OFFSET_AWARE_DATABASE_TYPE
trading_system_postgresql,public,venue_accounts,1,venue_account_id,text,false,false,false,false,SCOPE_DIMENSION_NAME_INFERRED_E2_REQUIRED,NON_SECRET_METADATA,account,false,NOT_TIME_BEARING,NOT_APPLICABLE,NOT_APPLICABLE
trading_system_postgresql,public,venue_accounts,2,account_id,text,false,false,false,false,SCOPE_DIMENSION_NAME_INFERRED_E2_REQUIRED,NON_SECRET_METADATA,account,false,NOT_TIME_BEARING,NOT_APPLICABLE,NOT_APPLICABLE
trading_system_postgresql,public,venue_accounts,3,venue,text,false,false,false,false,SCOPE_DIMENSION_NAME_INFERRED_E2_REQUIRED,NON_SECRET_METADATA,venue,false,NOT_TIME_BEARING,NOT_APPLICABLE,NOT_APPLICABLE
trading_system_postgresql,public,venue_accounts,4,external_account_ref,text,false,false,false,false,NAME_AND_TYPE_INFERRED_E2_REQUIRED,NON_SECRET_METADATA,,false,NOT_TIME_BEARING,NOT_APPLICABLE,NOT_APPLICABLE
trading_system_postgresql,public,venue_accounts,5,market_type,text,true,false,false,false,NAME_AND_TYPE_INFERRED_E2_REQUIRED,NON_SECRET_METADATA,,false,NOT_TIME_BEARING,NOT_APPLICABLE,NOT_APPLICABLE
trading_system_postgresql,public,venue_accounts,6,order_category,text,true,false,false,false,NAME_AND_TYPE_INFERRED_E2_REQUIRED,NON_SECRET_METADATA,,false,NOT_TIME_BEARING,NOT_APPLICABLE,NOT_APPLICABLE
trading_system_postgresql,public,venue_accounts,7,raw_metadata,jsonb,false,true,false,false,NAME_AND_TYPE_INFERRED_E2_REQUIRED,MAY_CONTAIN_SENSITIVE_STRUCTURED_DATA,,false,NOT_TIME_BEARING,NOT_APPLICABLE,NOT_APPLICABLE
trading_system_postgresql,public,venue_accounts,8,active,boolean,false,true,false,false,NAME_AND_TYPE_INFERRED_E2_REQUIRED,NON_SECRET_METADATA,,false,NOT_TIME_BEARING,NOT_APPLICABLE,NOT_APPLICABLE
trading_system_postgresql,public,venue_accounts,9,created_at,timestamp with time zone,false,true,false,false,NAME_AND_TYPE_INFERRED_E2_REQUIRED,NON_SECRET_METADATA,,true,TIMESTAMPTZ_DB_DECLARED,DATABASE_TIMESTAMP_PRECISION,OFFSET_AWARE_DATABASE_TYPE
trading_system_postgresql,public,venue_accounts,10,updated_at,timestamp with time zone,false,true,false,false,NAME_AND_TYPE_INFERRED_E2_REQUIRED,NON_SECRET_METADATA,,true,TIMESTAMPTZ_DB_DECLARED,DATABASE_TIMESTAMP_PRECISION,OFFSET_AWARE_DATABASE_TYPE
trading_system_postgresql,public,venue_credentials,1,credential_id,text,false,false,false,false,NAME_AND_TYPE_INFERRED_E2_REQUIRED,SECRET_MATERIAL_METADATA_ONLY,,false,NOT_TIME_BEARING,NOT_APPLICABLE,NOT_APPLICABLE
trading_system_postgresql,public,venue_credentials,2,venue,text,false,false,false,false,SCOPE_DIMENSION_NAME_INFERRED_E2_REQUIRED,NON_SECRET_METADATA,venue,false,NOT_TIME_BEARING,NOT_APPLICABLE,NOT_APPLICABLE
trading_system_postgresql,public,venue_credentials,3,mode,text,false,false,false,false,SCOPE_DIMENSION_NAME_INFERRED_E2_REQUIRED,NON_SECRET_METADATA,mode,false,NOT_TIME_BEARING,NOT_APPLICABLE,NOT_APPLICABLE
trading_system_postgresql,public,venue_credentials,4,account_id,text,true,false,false,false,SCOPE_DIMENSION_NAME_INFERRED_E2_REQUIRED,NON_SECRET_METADATA,account,false,NOT_TIME_BEARING,NOT_APPLICABLE,NOT_APPLICABLE
trading_system_postgresql,public,venue_credentials,5,key_alias,text,false,false,false,false,NAME_AND_TYPE_INFERRED_E2_REQUIRED,NON_SECRET_METADATA,,false,NOT_TIME_BEARING,NOT_APPLICABLE,NOT_APPLICABLE
trading_system_postgresql,public,venue_credentials,6,encrypted_secret_ref,text,false,false,false,false,NAME_AND_TYPE_INFERRED_E2_REQUIRED,SECRET_MATERIAL_METADATA_ONLY,,false,NOT_TIME_BEARING,NOT_APPLICABLE,NOT_APPLICABLE
trading_system_postgresql,public,venue_credentials,7,active,boolean,false,true,false,false,NAME_AND_TYPE_INFERRED_E2_REQUIRED,NON_SECRET_METADATA,,false,NOT_TIME_BEARING,NOT_APPLICABLE,NOT_APPLICABLE
trading_system_postgresql,public,venue_credentials,8,created_at,timestamp with time zone,false,true,false,false,NAME_AND_TYPE_INFERRED_E2_REQUIRED,NON_SECRET_METADATA,,true,TIMESTAMPTZ_DB_DECLARED,DATABASE_TIMESTAMP_PRECISION,OFFSET_AWARE_DATABASE_TYPE
trading_system_postgresql,public,venue_credentials,9,updated_at,timestamp with time zone,false,true,false,false,NAME_AND_TYPE_INFERRED_E2_REQUIRED,NON_SECRET_METADATA,,true,TIMESTAMPTZ_DB_DECLARED,DATABASE_TIMESTAMP_PRECISION,OFFSET_AWARE_DATABASE_TYPE
trading_system_postgresql,public,venue_rate_limits,1,rate_limit_id,uuid,false,true,false,false,NAME_AND_TYPE_INFERRED_E2_REQUIRED,NON_SECRET_METADATA,,false,NOT_TIME_BEARING,NOT_APPLICABLE,NOT_APPLICABLE
trading_system_postgresql,public,venue_rate_limits,2,venue,text,false,false,false,false,SCOPE_DIMENSION_NAME_INFERRED_E2_REQUIRED,NON_SECRET_METADATA,venue,false,NOT_TIME_BEARING,NOT_APPLICABLE,NOT_APPLICABLE
trading_system_postgresql,public,venue_rate_limits,3,credential_id,text,true,false,false,false,NAME_AND_TYPE_INFERRED_E2_REQUIRED,SECRET_MATERIAL_METADATA_ONLY,,false,NOT_TIME_BEARING,NOT_APPLICABLE,NOT_APPLICABLE
trading_system_postgresql,public,venue_rate_limits,4,endpoint,text,false,false,false,false,NAME_AND_TYPE_INFERRED_E2_REQUIRED,NON_SECRET_METADATA,,false,NOT_TIME_BEARING,NOT_APPLICABLE,NOT_APPLICABLE
trading_system_postgresql,public,venue_rate_limits,5,window_start,timestamp with time zone,false,false,false,false,NAME_AND_TYPE_INFERRED_E2_REQUIRED,NON_SECRET_METADATA,,true,TIMESTAMPTZ_DB_DECLARED,DATABASE_TIMESTAMP_PRECISION,OFFSET_AWARE_DATABASE_TYPE
trading_system_postgresql,public,venue_rate_limits,6,window_kind,text,false,false,false,false,NAME_AND_TYPE_INFERRED_E2_REQUIRED,NON_SECRET_METADATA,,false,NOT_TIME_BEARING,NOT_APPLICABLE,NOT_APPLICABLE
trading_system_postgresql,public,venue_rate_limits,7,used_count,integer,false,true,false,false,NAME_AND_TYPE_INFERRED_E2_REQUIRED,NON_SECRET_METADATA,,false,NOT_TIME_BEARING,NOT_APPLICABLE,NOT_APPLICABLE
trading_system_postgresql,public,venue_rate_limits,8,limit_count,integer,true,false,false,false,NAME_AND_TYPE_INFERRED_E2_REQUIRED,NON_SECRET_METADATA,,false,NOT_TIME_BEARING,NOT_APPLICABLE,NOT_APPLICABLE
trading_system_postgresql,public,venue_rate_limits,9,reset_at,timestamp with time zone,true,false,false,false,NAME_AND_TYPE_INFERRED_E2_REQUIRED,NON_SECRET_METADATA,,true,TIMESTAMPTZ_DB_DECLARED,DATABASE_TIMESTAMP_PRECISION,OFFSET_AWARE_DATABASE_TYPE
trading_system_postgresql,public,venue_rate_limits,10,updated_at,timestamp with time zone,false,true,false,false,NAME_AND_TYPE_INFERRED_E2_REQUIRED,NON_SECRET_METADATA,,true,TIMESTAMPTZ_DB_DECLARED,DATABASE_TIMESTAMP_PRECISION,OFFSET_AWARE_DATABASE_TYPE
trading_system_postgresql,public,venues,1,venue,text,false,false,false,false,SCOPE_DIMENSION_NAME_INFERRED_E2_REQUIRED,NON_SECRET_METADATA,venue,false,NOT_TIME_BEARING,NOT_APPLICABLE,NOT_APPLICABLE
trading_system_postgresql,public,venues,2,venue_type,text,false,false,false,false,NAME_AND_TYPE_INFERRED_E2_REQUIRED,NON_SECRET_METADATA,,false,NOT_TIME_BEARING,NOT_APPLICABLE,NOT_APPLICABLE
trading_system_postgresql,public,venues,3,timezone,text,false,true,false,false,NAME_AND_TYPE_INFERRED_E2_REQUIRED,NON_SECRET_METADATA,,true,TIME_NAME_UNTYPED_E2_REQUIRED,UNKNOWN,UNKNOWN
trading_system_postgresql,public,venues,4,active,boolean,false,true,false,false,NAME_AND_TYPE_INFERRED_E2_REQUIRED,NON_SECRET_METADATA,,false,NOT_TIME_BEARING,NOT_APPLICABLE,NOT_APPLICABLE
trading_system_postgresql,public,venues,5,raw_metadata,jsonb,false,true,false,false,NAME_AND_TYPE_INFERRED_E2_REQUIRED,MAY_CONTAIN_SENSITIVE_STRUCTURED_DATA,,false,NOT_TIME_BEARING,NOT_APPLICABLE,NOT_APPLICABLE
trading_system_postgresql,public,venues,6,created_at,timestamp with time zone,false,true,false,false,NAME_AND_TYPE_INFERRED_E2_REQUIRED,NON_SECRET_METADATA,,true,TIMESTAMPTZ_DB_DECLARED,DATABASE_TIMESTAMP_PRECISION,OFFSET_AWARE_DATABASE_TYPE
trading_system_postgresql,public,venues,7,updated_at,timestamp with time zone,false,true,false,false,NAME_AND_TYPE_INFERRED_E2_REQUIRED,NON_SECRET_METADATA,,true,TIMESTAMPTZ_DB_DECLARED,DATABASE_TIMESTAMP_PRECISION,OFFSET_AWARE_DATABASE_TYPE
